assay,n,all,prot-private,dna-private,shared,no-prot-priv,no-dna-priv,no-shared,imp_prot,imp_dna,imp_shared
A0A140D2T1_ZIKV_Sourisseau_2019,2921,0.160761240482028,0.24685658661333862,0.11797507168868608,0.21043421593474437,0.11268236841526665,0.22337487196977657,0.15460188939176112,0.048078872066761355,-0.06261363148774857,0.006159351090266885
A0A192B1T2_9HIV1_Haddox_2018,3847,0.3573468054695175,0.5146111498045275,0.31618384232982866,0.34365872207051223,0.31662633128836004,0.46911095520435653,0.35850971914129703,0.040720474181157484,-0.111764149734839,-0.0011629136717795086
A0A1I9GEU1_NEIME_Kennouche_2019,804,0.0016923739039699306,0.014170614764321996,-0.0238376963413512,-0.01963847567248339,-0.024182544275818056,-0.0060705669837908295,0.005145519310031434,0.025874918179787987,0.00776294088776076,-0.0034531454060615033
A0A247D711_LISMN_Stadelmann_2021,536,0.4011823398566454,0.3422500563862511,0.29261773841712785,0.2605933942603625,0.2805590077244186,0.3745920984855987,0.4000382033449372,0.12062333213222681,0.026590241371046708,0.0011441365117081936
A0A2Z5U3Z0_9INFA_Doud_2016,3292,0.3983166870892149,0.5468499564651539,0.3009426149531001,0.33939987495378,0.3037004028052951,0.5155500804149628,0.42061888597368685,0.09461628428391983,-0.11723339332574784,-0.022302198884471935
A0A2Z5U3Z0_9INFA_Wu_2014,2347,0.07221921366760534,0.2017392803381201,0.06993453275836123,0.22512323632721545,0.06948916428336145,0.18795312675307838,0.0774265334258896,0.002730049384243885,-0.11573391308547304,-0.005207319758284257
A4D664_9INFA_Soh_2019,4410,0.21284537184796132,0.31549296176166153,0.18038515141419684,0.20006340646338447,0.17792709703088566,0.299526880143371,0.2165420495554528,0.034918274817075656,-0.08668150829540966,-0.0036966777074914914
A4GRB6_PSEAI_Chen_2020,1561,0.7107929638057917,0.6988832558391505,0.4668469471718633,0.2847709010761539,0.453763651641803,0.6742616260136682,0.7051131307492702,0.2570293121639887,0.036531337792123475,0.005679833056521533
A4_HUMAN_Seuma_2022,168,0.16638082505729562,0.225855614973262,0.18368703456016816,0.28276133628570677,0.2205404875263491,0.2876031321619557,0.16266424751718866,-0.05415966246905349,-0.12122230710466009,0.003716577540106958
AACC1_PSEAI_Dandage_2018,872,0.311118011747073,0.23208982964414498,0.2278147905983386,0.02667115885498411,0.23195011143110594,0.2141821572885954,0.3087458614735872,0.07916790031596704,0.09693585445847758,0.002372150273485807
ACE2_HUMAN_Chan_2020,708,0.40786517647770265,0.3213566954471959,0.27915570064979567,0.19716658027325146,0.25820812129831167,0.3246951310601296,0.40372192386576566,0.14965705517939099,0.08317004541757306,0.004143252611936987
ADRB2_HUMAN_Jones_2020,2448,0.2706491778395394,0.38579815754351304,0.1996324919766078,0.2952609235476795,0.19634082023431793,0.32853886106740005,0.2568937309002979,0.07430835760522148,-0.057889683227860644,0.013755446939241522
AICDA_HUMAN_Gajula_2014_3cycles,67,0.013402481243729952,-0.040810657034698605,0.042690946733086946,-0.154229953351607,0.060699659651578794,0.06999191742784569,-0.0036386090153660454,-0.04729717840784884,-0.056589436184115736,0.017041090259095996
AMFR_HUMAN_Tsuboyama_2023_4G3O,277,0.7950239234449763,0.7715212273107012,0.4017824865193287,0.45202413685030285,0.41134958608642824,0.7784407989671147,0.7930781499202553,0.38367433735854806,0.01658312447786159,0.0019457735247210284
AMIE_PSEAE_Wrenbeck_2017,2035,0.4777619666131444,0.569296865784912,0.31487147954960926,0.23869111885069122,0.3349025349899508,0.5259423069479591,0.45516266811249917,0.1428594316231936,-0.048180340334814664,0.022599298500645237
ANCSZ_Hobbs_2022,1530,0.5172795491881808,0.49965240498933594,0.3329795141590083,0.34061811574110556,0.39131035157922145,0.4498596448244488,0.4952717738988584,0.1259691976089593,0.06741990436373196,0.02200777528932235
ARGR_ECOLI_Tsuboyama_2023_1AOY,436,0.7775938247708699,0.731066060076359,0.4551966729165945,0.5201616518933768,0.46357271152795043,0.7423939620564328,0.7762049961787759,0.3140211132429195,0.03519986271443709,0.0013888285920939936
B2L11_HUMAN_Dutta_2010_binding-Mcl-1,55,0.72,0.4763636363636364,0.46029853879343224,0.4745454545454546,0.450909090909091,0.610909090909091,0.7072727272727273,0.269090909090909,0.10909090909090902,0.012727272727272698
BBC1_YEAST_Tsuboyama_2023_1TG0,356,0.730707624743897,0.6636725375081539,0.5324521454233855,0.368247996026607,0.5600156767083033,0.6882672289444429,0.728586679896732,0.17069194803559373,0.042440395799454134,0.002120944847165074
BCHB_CHLTE_Tsuboyama_2023_2KRU,294,0.7790587222000063,0.6462118182657111,0.40551622324213643,0.35866920210721615,0.4586465286536036,0.6710861607554832,0.7776664923559631,0.32041219354640266,0.10797256144452305,0.0013922298440431913
BLAT_ECOLX_Deng_2012,1546,0.5811656234927647,0.5284061540217299,0.3562089785962549,0.44265789186231846,0.4617788221275868,0.5137473494798741,0.5309869159884938,0.11938680136517787,0.06741827401289058,0.05017870750427089
BLAT_ECOLX_Firnberg_2014,1540,0.7507859929314282,0.7387364049953284,0.5202789876014945,0.5483444156095885,0.5984758234321375,0.700735447288195,0.7159395582288614,0.15231016949929077,0.05005054564323319,0.034846434702566875
BLAT_ECOLX_Jacquier_2013,989,0.6225734942279935,0.541187596005752,0.3806166408314466,0.45469912476031676,0.4315755024361997,0.5918607669610098,0.5827966264653587,0.19099799179179378,0.030712727266983708,0.03977686776263478
BLAT_ECOLX_Stiffler_2015,1546,0.7513040894110417,0.7051059556813601,0.5350120199132831,0.5498013678987255,0.6165464990194433,0.7021428603470308,0.7298400245002891,0.1347575903915984,0.04916122906401088,0.02146406491075259
BRCA1_HUMAN_Findlay_2018,1837,0.3803325137583083,0.2901835987840242,0.3346370544395948,0.2674900456271244,0.3522449565391568,0.2490747997101898,0.36573246150736083,0.028087557219151515,0.13125771404811848,0.01460005225094746
BRCA2_HUMAN_Erwood_2022_HEK293T,257,0.44501698966959785,0.12607938709101324,0.4689261504311449,0.21612145409712125,0.4778205412789208,0.1980683844409266,0.4417040894732348,-0.03280355160932297,0.24694860522867126,0.0033129001963630444
C6KNH7_9INFA_Lee_2018,3355,0.36937112129368066,0.535055568972256,0.2496830034636889,0.28188526595082675,0.24508278713339413,0.5173691050813634,0.36306520675311965,0.12428833416028653,-0.1479979837876827,0.006305914540561008
CALM1_HUMAN_Weile_2017,837,0.23815080326265559,0.11345239533459942,0.19311282006104122,0.1264472056076746,0.22035049685429237,0.09175517422924372,0.22449736280933946,0.01780030640836322,0.14639562903341186,0.013653440453316124
CAPSD_AAV2S_Sinai_2021,167,0.5485752482811306,0.5609033613445378,0.3985565558239319,0.4797499274047284,0.42248358161033633,0.554150114591291,0.5572498090145149,0.12609166667079424,-0.0055748663101604645,-0.008674560733384351
CAR11_HUMAN_Meitlis_2020_gof,793,0.31809079209381785,0.24504444679391318,0.33816519789300015,0.17108987290122935,0.321830031702067,0.2347803064991884,0.312462090729723,-0.003739239608249123,0.08331048559462945,0.005628701364094879
CAR11_HUMAN_Meitlis_2020_lof,801,0.47861579879422367,0.3850471698113208,0.40815499720336695,0.27741818297329324,0.41541214613006805,0.38192304603912486,0.46930914185015904,0.06320365266415562,0.09669275275509881,0.009306656944064629
CAS9_STRP1_Spencer_2017_positive,6991,0.036704608801065554,0.09364373104195939,0.03754562623241289,0.06378877855122511,0.035269241549449035,0.09297156963322303,0.038578515658219396,0.0014353672516165192,-0.05626696083215748,-0.0018739068571538425
CASP3_HUMAN_Roychowdhury_2020,587,0.4820353515681325,0.2867594639348344,0.1084475566755212,0.2037416297864488,0.16107645300259504,0.3858508471050156,0.4634792603369631,0.32095889856553744,0.09618450446311688,0.018556091231169414
CASP7_HUMAN_Roychowdhury_2020,633,0.44006963817022876,0.3431510967379078,0.1419711193249646,0.06309853666335072,0.11480963129484723,0.33614632545931755,0.43699874390701154,0.32526000687538154,0.10392331271091121,0.0030708942632172165
CATR_CHLRE_Tsuboyama_2023_2AMI,468,0.7464777158796247,0.6144563371964272,0.4336135287464611,0.5710795885285246,0.5403925498147506,0.6398373197174847,0.7410761273988589,0.20608516606487415,0.10664039616214005,0.005401588480765884
CBPA2_HUMAN_Tsuboyama_2023_1O6X,461,0.7883447488621907,0.6943381228601007,0.5558070747502953,0.5145866981247732,0.5583819127114331,0.721501648958305,0.7872697205214886,0.22996283615075763,0.0668430999038857,0.0010750283407021666
CBS_HUMAN_Sun_2020,2196,0.19438751434217583,0.2732403822883332,0.1292076980327302,0.1570815554221275,0.14579491383282556,0.2339579773032309,0.17730862767571856,0.04859260050935027,-0.03957046296105507,0.017078886666457266
CBX4_HUMAN_Tsuboyama_2023_2K28,309,0.7472579386064315,0.7626506509531363,0.5127165321900875,0.4961346409233632,0.5213676471336558,0.7672231875299035,0.7462904484903428,0.22589029147277573,-0.019965248923471957,0.000967490116088765
CCDB_ECOLI_Adkar_2012,386,0.768488938012295,0.6671757557256464,0.5094058770200502,0.32441618016050733,0.5112055264361354,0.7073860668954807,0.7693879195813278,0.25728341157615964,0.06110287111681434,-0.0008989815690327863
CCDB_ECOLI_Tripathi_2016,533,0.40750422139373627,0.3888987894307582,0.18054722070323675,0.3314774039108457,0.20875614300513182,0.3922901329819576,0.41244660308498127,0.19874807838860445,0.015214088411778681,-0.004942381691245001
CCR5_HUMAN_Gill_2023,1908,0.2177005478109339,0.2219884750877908,0.20109919251932692,0.1188708655102119,0.17470677964007955,0.14353864931988933,0.20897250321459482,0.042993768170854346,0.07416189849104457,0.00872804459633908
CD19_HUMAN_Klesmith_2019_FMC_singles,1493,0.2870298742981275,0.25407202006826946,0.1927299501418039,0.09512340535034672,0.17790653310490062,0.1785417641812527,0.29481660929098086,0.10912334119322686,0.10848811011687479,-0.0077867349928533725
CP2C9_HUMAN_Amorosi_2021_abundance,2174,0.5186453701110675,0.5847919830476422,0.3874782708027392,0.30519125739469705,0.3834525461803684,0.5374417575990463,0.4876255883705962,0.1351928239306991,-0.01879638748797885,0.031019781740471264
CP2C9_HUMAN_Amorosi_2021_activity,2044,0.6041242546800191,0.6330639453962544,0.4144226110806838,0.2838388904974837,0.41946045636352275,0.5829065733265966,0.5789523595115038,0.18466379831649632,0.0212176813534225,0.025171895168515257
CSN4_MOUSE_Tsuboyama_2023_1UFM,432,0.7181776584658796,0.5891202844044959,0.5920593409974982,0.39057211848349327,0.5982448570404264,0.6324269155063059,0.7154436958861694,0.11993280142545315,0.08575074295957363,0.0027339625797101474
CUE1_YEAST_Tsuboyama_2023_2MYX,291,0.795168107293365,0.7537205081669692,0.49187075827615445,0.439372800495332,0.5033640830748828,0.7561456827340123,0.7976960226398845,0.29180402421848217,0.039022424559352675,-0.002527915346519527
D7PM05_CLYGR_Somermeyer_2022,1012,0.42017767841532916,0.38683879417227024,0.2967096097722884,0.19720349496123182,0.29173543728712953,0.37144315708107795,0.41234134249441967,0.12844224112819963,0.04873452133425121,0.007836335920909487
DLG4_HUMAN_Faure_2021,463,0.6809306506211998,0.5519970644377554,0.44313823802648356,0.3853695624188209,0.4636752045662552,0.5872423389925105,0.6777146490524186,0.21725544605494462,0.09368831162868929,0.0032160015687812127
DLG4_RAT_McLaughlin_2012,553,0.4837403917679147,0.3581736228066504,0.3964071609694109,0.3708887100358861,0.42399283830476486,0.4009406004360133,0.4706368241230626,0.05974755346314986,0.0827997913319014,0.013103567644852099
DN7A_SACS2_Tsuboyama_2023_1JIC,328,0.7504978603486067,0.7276809571025991,0.5264538947200814,0.5273084562307021,0.5160438628535644,0.7595072278467802,0.7466415301116794,0.23445399749504225,-0.009009367498173493,0.003856330236927219
DNJA1_HUMAN_Tsuboyama_2023_2LO1,379,0.7642542720437457,0.6908544087491457,0.5562671044706043,0.428958547446186,0.548764188059008,0.7150277659751344,0.7637399641610167,0.2154900839847378,0.04922650606861134,0.0005143078827289926
DOCK1_MOUSE_Tsuboyama_2023_2M0Y,370,0.6909411329137355,0.6427160310995926,0.5426435095993127,0.42666392107305134,0.5394831543872639,0.6554224361347647,0.683536467974824,0.15145797852647158,0.03551869677897079,0.007404664938911454
DYR_ECOLI_Nguyen_2023,935,0.46522725056556374,0.380941949665488,0.34987760657515066,0.2864488711517279,0.33828711658286625,0.34573754541557317,0.4677003935885514,0.1269401339826975,0.11948970514999058,-0.0024731430229876783
DYR_ECOLI_Thompson_2019,636,0.42947537626110693,0.3466943903087695,0.25752458599089795,0.16022922026630684,0.25208693319302994,0.3409483153268632,0.4263764812828629,0.177388443068077,0.08852706093424373,0.00309889497824406
ENVZ_ECOLI_Ghose_2023,372,0.24177839644739843,0.13081788846665382,0.06323507112667105,0.16984609615965737,0.10511189122068962,0.11992081965705344,0.23791591427452938,0.1366665052267088,0.12185757679034499,0.003862482172869053
ENV_HV1B9_DuenasDecamp_2016,113,0.11755727879949687,0.1261992967877466,0.25876227394775975,-0.16335479750516835,0.17405379551541897,0.13760068612587859,0.13369644061022984,-0.056496516715922096,-0.020043407326381713,-0.016139161810732966
ENV_HV1BR_Haddox_2016,3939,0.1183535401952368,0.23496510128286122,0.124438655872768,0.21543982788832766,0.12413363017419463,0.2162958902042993,0.11429720622031314,-0.00578008997895782,-0.09794235000906248,0.004056333974923665
EPHB2_HUMAN_Tsuboyama_2023_1F0M,411,0.8399243120371537,0.7699126354430499,0.5884896146723946,0.5742180293909511,0.5525070471588249,0.7967980322373505,0.8422823310275558,0.28741726487832875,0.04312627979980321,-0.002358018990402111
ERBB2_HUMAN_Elazar_2016,109,0.521603613777527,0.39686053077357425,0.4910107284020328,0.44165420901053676,0.49469226425748164,0.4154601919819312,0.5147487295313382,0.026911349520045313,0.10614342179559577,0.006854884246188742
ESTA_BACSU_Nutschel_2020,726,0.3840242455986476,0.3469516381572431,0.28026144169905204,0.15467605666912548,0.29334858336363123,0.33238728697680836,0.37839365448479356,0.09067566223501639,0.05163695862183926,0.005630591113854055
F7YBW8_MESOW_Ding_2023,51,0.36787878787878786,0.4066666666666666,0.3278787878787879,-0.49686176952089023,0.28909090909090907,0.443030303030303,0.35515151515151516,0.0787878787878788,-0.07515151515151514,0.012727272727272698
FECA_ECOLI_Tsuboyama_2023_2D1U,411,0.7803828554636665,0.7245178934864508,0.4672134919857518,0.48656846176063306,0.5020372624839272,0.7342475593430633,0.7802127596720603,0.27834559297973926,0.046135296120603186,0.00017009579160620625
FKBP3_HUMAN_Tsuboyama_2023_2KFV,430,0.6934647860748149,0.627556016793245,0.45614415774328976,0.4413801016472411,0.4394414830888248,0.6488060757582905,0.6914948818340487,0.2540233029859901,0.04465871031652435,0.0019699042407661516
GAL4_YEAST_Kitzman_2015,369,0.6496421636595325,0.4640147728826361,0.5053017941351083,0.2846407246874933,0.4796684109097167,0.5052464113622536,0.646932640748684,0.16997375274981585,0.14439575229727897,0.002709522910848583
GDIA_HUMAN_Silverstein_2021,1153,0.3412794602057893,0.332112517020602,0.2317994629927079,0.21896625335234812,0.2372779183729839,0.27563085706553936,0.334604548557181,0.10400154183280541,0.06564860314024995,0.006674911648608284
GFP_AEQVI_Sarkisyan_2016,909,0.2665183439090651,0.21318354019562946,0.1597562603695811,0.11895582542234373,0.17082347469667652,0.19570775996354195,0.26247377323634663,0.09569486921238857,0.07081058394552314,0.004044570672718462
GLPA_HUMAN_Elazar_2016,79,0.3525210084033613,0.2714705882352941,0.3511839185582194,0.2989096365357648,0.347997592344201,0.3061344537815126,0.32852941176470585,0.00452341605916029,0.04638655462184871,0.023991596638655466
GRB2_HUMAN_Faure_2021,316,0.753632577100319,0.6436706841545552,0.5156317196324116,0.2897468956203457,0.5404798830202056,0.6745750620347394,0.7562263677183032,0.2131526940801134,0.07905751506557956,-0.0025937906179842596
HCP_LAMBD_Tsuboyama_2023_2L6Q,310,0.8018181360328374,0.7474150739089924,0.6478372442634361,0.4135729154304807,0.6527628802074565,0.7554732945531465,0.7982926645010199,0.14905525582538082,0.04634484147969087,0.003525471531817481
HECD1_HUMAN_Tsuboyama_2023_3DKM,386,0.7842825395790085,0.685764402153476,0.5604362922904825,0.2290442605840116,0.5708105987493013,0.7163817528241245,0.7783472357089944,0.21347194082970722,0.06790078675488398,0.005935303870014064
HEM3_HUMAN_Loggerenberg_2023,1854,0.255302418384307,0.31276503165135716,0.19232464526721332,0.21082997013887583,0.20269832694811846,0.2525249137413654,0.24087636802454243,0.05260409143618855,0.0027775046429416306,0.014426050359764575
HIS7_YEAST_Pokusaeva_2019,78,0.14525210084033616,-0.0835294117647059,-0.05172268907563025,-0.09773541192108284,-0.06193277310924368,-0.12340336134453782,0.14642857142857144,0.20718487394957985,0.26865546218487396,-0.0011764705882352788
HMDH_HUMAN_Jiang_2019,5204,0.3099590685491358,0.5002978013358476,0.28665699456750005,0.1607149776156665,0.27544371863477213,0.47319111132957126,0.33830640132395107,0.03451534991436367,-0.16323204278043546,-0.02834733277481527
HSP82_YEAST_Cote-Hammarlof_2020_growth-H2O2,714,0.37910901155582005,0.30284616991239705,0.3258673048921104,0.18493903225251254,0.31957984109169557,0.29461101529576206,0.38269136467368414,0.05952917046412448,0.084497996260058,-0.00358235311786409
HSP82_YEAST_Flynn_2019,4189,0.2552075395737149,0.37099712614106783,0.2375011680079573,0.21600592126329649,0.2374117496298866,0.35139894946397177,0.2603437000251728,0.0177957899438283,-0.09619140989025687,-0.005136160451457927
HSP82_YEAST_Mishra_2016,1361,0.4346439975966767,0.3949372011744171,0.3582782239946902,0.32986576618686486,0.363314724394915,0.360626758353797,0.4237614082162365,0.07132927320176169,0.07401723924287973,0.010882589380440233
HXK4_HUMAN_Gersing_2022_activity,2615,0.29513685715488847,0.40257903903127035,0.26661494347055703,0.25224590910795386,0.26564895144684,0.37819915374731294,0.2788041232547359,0.02948790570804849,-0.08306229659242448,0.016332733900152552
HXK4_HUMAN_Gersing_2023_abundance,2598,0.3106368055027258,0.3601390710242074,0.29434388582514603,0.2220191198852794,0.27228560458787543,0.3356824399263905,0.3052666089317482,0.03835120091485039,-0.025045634423664698,0.005370196570977648
I6TAH8_I68A0_Doud_2015,2916,0.2840755209898253,0.36890738292890746,0.20942013279917687,0.17701836449643102,0.204771760089131,0.33798034091740603,0.2867501154358357,0.0793037609006943,-0.05390481992758073,-0.00267459444601037
IF1_ECOLI_Kelsic_2016,431,0.5130477414259182,0.3984723707432387,0.3662695478718309,0.2894587946676078,0.37372119107042073,0.41412392593869046,0.4965665968304842,0.1393265503554975,0.09892381548722778,0.01648114459543404
ILF3_HUMAN_Tsuboyama_2023_2L33,461,0.5637215728081414,0.5405823116634492,0.4194609135109634,0.43294401492483486,0.42083273937297,0.548429300400295,0.5639128172117338,0.1428888334351714,0.015292272407846363,-0.00019124440359241657
ISDH_STAAW_Tsuboyama_2023_2LHR,326,0.6888585481682497,0.5998369168145288,0.39933479628024415,0.3845786929894233,0.3922238527572211,0.6304404550673208,0.6841261350589709,0.29663469541102855,0.058418093100928825,0.004732413109278744
KCNE1_HUMAN_Muhammad_2023_expression,746,0.4602123818115641,0.315022875491163,0.35576506395179397,0.27851544506532194,0.36064973245125154,0.3629158100720393,0.4393024602895264,0.09956264936031256,0.09729657173952477,0.02090992152203769
KCNE1_HUMAN_Muhammad_2023_function,745,0.5603323054598222,0.4951315073462724,0.43716440032946213,0.23576381727036438,0.43537217792433075,0.46369018683112645,0.5558469073099945,0.1249601275354914,0.0966421186286957,0.004485398149827624
KCNH2_HUMAN_Kozek_2020,62,0.6895104895104895,0.6362637362637364,0.5247752247752249,0.1981018981018981,0.49260739260739267,0.6395604395604396,0.683916083916084,0.19690309690309687,0.049950049950049924,0.005594405594405494
KCNJ2_MOUSE_Coyote-Maestas_2022_function,2219,0.15010437523516793,0.24261824160511086,0.1417921795907441,0.13100629906547373,0.14658997701917678,0.187216616195026,0.12559626971891485,0.0035143982159911435,-0.03711224095985807,0.02450810551625307
KCNJ2_MOUSE_Coyote-Maestas_2022_surface,2223,0.2792263453451974,0.33524209196755644,0.2128700617849688,0.1678760278284276,0.22254628419383665,0.2833896780937284,0.2603047966446088,0.05668006115136076,-0.004163332748530979,0.018921548700588597
KKA2_KLEPN_Melnikov_2014,1561,0.45811229363966427,0.49476678044630973,0.2972583498312059,0.2276434273427114,0.302965941786575,0.4252856879957202,0.4350345818476512,0.15514635185308928,0.03282660564394407,0.023077711792013067
LGK_LIPST_Klesmith_2015,2592,0.45639693258655595,0.5499525057812872,0.3661224379401179,0.2784243400041718,0.3731855056991655,0.485808996363578,0.42969585290850326,0.08321142688739047,-0.029412063777022046,0.026701079678052686
LYAM1_HUMAN_Elazar_2016,133,0.5691770451770453,0.46210500610500616,0.5316597405766834,0.3533422895791318,0.5563223443223443,0.5376361416361416,0.5604835164835164,0.012854700854700973,0.031540903540903664,0.008693528693528907
MAFG_MOUSE_Tsuboyama_2023_1K1V,257,0.7131337829761802,0.7504810040126355,0.4316797128624831,0.458623949881343,0.4814749401039883,0.7708624605139589,0.7080502006317767,0.23165884287219196,-0.05772867753777866,0.005083582344403537
MBD11_ARATH_Tsuboyama_2023_6ACV,384,0.8001701456438297,0.7298699195541302,0.5354670293989583,0.23720758744788673,0.5191199053616913,0.7603543824596455,0.7978642410221356,0.28105024028213843,0.03981576318418423,0.0023059046216941104
MET_HUMAN_Estevam_2023,1670,0.4758797048903404,0.4816785791064101,0.32698095849502773,0.33599657290920815,0.33996392591304125,0.4153894711585302,0.46723904349429424,0.13591577897729917,0.06049023373181023,0.00864066139604619
MK01_HUMAN_Brenan_2016,2153,0.4222356712155989,0.36634020811110324,0.26512867512981864,0.19341136555787145,0.28659950863360373,0.3157873969828322,0.4110995045231272,0.13563616258199518,0.1064482742327667,0.011136166692471694
MLAC_ECOLI_MacRae_2023,1251,0.46648983732311144,0.4217868299607079,0.3630227759054422,0.18499647522209384,0.3706672897218433,0.3671678422283328,0.45265935134962154,0.09582254760126813,0.09932199509477863,0.013830485973489903
MSH2_HUMAN_Jia_2020,5212,0.22211544487966073,0.3385562598684716,0.21417945191519175,0.14736094223435559,0.20196071528506154,0.33143485313630683,0.23955251816453998,0.020154729594599186,-0.1093194082566461,-0.017437073284879256
MTH3_HAEAE_RockahShmuel_2015,1740,0.5057266043076358,0.5252182713047681,0.3738271592437929,0.2208414037167487,0.3978328178464544,0.46994514738774856,0.4809922246498444,0.10789378646118142,0.03578145691988727,0.024734379657791405
MTHR_HUMAN_Weile_2021,3880,0.3012395930321605,0.420698063958256,0.23737820263057863,0.1677278715236241,0.25124309675369644,0.40475360375458314,0.2846226965906714,0.049996496278464087,-0.10351401072242261,0.016616896441489115
MYO3_YEAST_Tsuboyama_2023_2BTT,321,0.7280357142857142,0.711776973026973,0.3251182151182151,0.3367777090689118,0.34422702297702296,0.7292998667998667,0.7221994671994671,0.3838086913086913,-0.0012641525141524612,0.005836247086247082
NCAP_I34A1_Doud_2015,2910,0.24956598206891734,0.3343728511430637,0.20393652639730733,0.16948513585408334,0.1996320315475156,0.33448974865604225,0.25018723598344556,0.04993395052140173,-0.08492376658712492,-0.0006212539145282192
NKX31_HUMAN_Tsuboyama_2023_2L9R,353,0.7257014551074563,0.6022497302656518,0.4878903045649322,0.3135479143413632,0.4919079695564692,0.6250570087189804,0.7209039745720701,0.2337934855509871,0.10064444638847592,0.0047974805353862005
NPC1_HUMAN_Erwood_2022_HEK293T,631,0.606201556055493,0.5404003757647599,0.45324594709026045,0.19276183554543502,0.46558835349765515,0.5416835408899634,0.6027019497562806,0.14061320255783782,0.06451801516552957,0.003499606299212421
NPC1_HUMAN_Erwood_2022_RPE1,63,0.6668331668331668,0.4862137862137862,0.58991008991009,0.43476523476523476,0.576023976023976,0.5055944055944056,0.6564435564435565,0.09080919080919081,0.16123876123876124,0.010389610389610393
NRAM_I33A0_Jiang_2016,293,0.5321455596911624,0.4479116552339352,0.289333589357311,0.16334334122076782,0.30246957173411076,0.4909901873327387,0.5187917192162171,0.22967598795705163,0.0411553723584237,0.013353840474945256
NUD15_HUMAN_Suiter_2020,870,0.6579743158973775,0.4860969845382841,0.3951779835480976,0.21602343813795738,0.4132968360306588,0.5128184743301347,0.6517960078589937,0.24467747986671873,0.14515584156724282,0.006178308038383817
NUSA_ECOLI_Tsuboyama_2023_1WCL,451,0.8254317315968512,0.7481963956902892,0.534482709787917,0.535710207832014,0.5340609589336306,0.77538382802672,0.8220686397139743,0.29137077266322065,0.050047903570131225,0.0033630918828769785
NUSG_MYCTU_Tsuboyama_2023_2MI6,358,0.7957919204726073,0.8081968523469586,0.5250691362788604,0.5429539446334959,0.5749849783633307,0.8283497331018073,0.7930343706072049,0.22080694210927654,-0.03255781262919999,0.002757549865402331
OBSCN_HUMAN_Tsuboyama_2023_1V1C,413,0.8028051812359775,0.7499333765569439,0.5284156369963011,0.3788870574126689,0.5421871768918493,0.7757583955644491,0.801448768360317,0.2606180043441283,0.027046785671528406,0.0013564128756605731
ODP2_GEOSE_Tsuboyama_2023_1W4G,217,0.7279512735326689,0.7225450518473775,0.36395068216099685,0.20223367860783653,0.40381953609684623,0.731585623678647,0.7292560153025269,0.32413173743582263,-0.003634350145978127,-0.0013047417698580643
OPSD_HUMAN_Wan_2019,162,0.4875086251509401,0.3753061928583751,0.4448227531481801,0.43194986609550573,0.44374892185613246,0.40517509056408485,0.4790904778333621,0.04375970329480766,0.08233353458685527,0.008418147317578006
OTC_HUMAN_Lo_2023,1570,0.609198082529357,0.5909078451369686,0.40608689172698165,0.28791128417915385,0.418014317638902,0.5580634309211941,0.5880032004584437,0.19118376489045502,0.051134651608162884,0.021194882070913357
OTU7A_HUMAN_Tsuboyama_2023_2L2D,218,0.6053317225410249,0.5705869324473976,0.2889721131581597,0.42693878391622386,0.3307721735628712,0.5785523004127655,0.6056236786469344,0.27455954897815366,0.026779422128259345,-0.00029195610590959653
OXDA_RHOTO_Vanella_2023_activity,2201,0.24982710448819442,0.3534912103331544,0.1777887205622038,0.17330662782082462,0.1645646799059192,0.3049301357448215,0.24870613935237507,0.08526242458227523,-0.05510303125662705,0.0011209651358193573
OXDA_RHOTO_Vanella_2023_expression,2305,0.2944321810416312,0.4396544962158469,0.16893511778844889,0.20056311947633337,0.17186636804521074,0.37272261832292014,0.29590576545966535,0.12256581299642047,-0.07829043728128893,-0.001473584418034135
P53_HUMAN_Giacomelli_2018_Null_Etoposide,2320,0.49128513322938616,0.5214175818103628,0.3694070635556897,0.335332109822705,0.38788631713987887,0.4978357041781486,0.4685717031402782,0.1033988160895073,-0.006550570948762435,0.022713430089107978
P53_HUMAN_Giacomelli_2018_Null_Nutlin,2320,0.4562460088843615,0.5128004958713426,0.3627081522772309,0.31878439394163405,0.3759148558274085,0.465098777859729,0.42848581457198653,0.08033115305695299,-0.008852768975367464,0.027760194312374975
P53_HUMAN_Giacomelli_2018_WT_Nutlin,2320,0.7041101343705629,0.6783037788567571,0.5463430381485748,0.4129470815726751,0.5906569644973099,0.6478505034391464,0.6906579424702752,0.11345316987325305,0.056259630931416504,0.01345219190028768
P53_HUMAN_Kotler_2018,973,0.6150566699624671,0.5444777173729382,0.5037609295375224,0.30832926296333996,0.5196083029260115,0.5268160077120221,0.5960115794375257,0.09544836703645565,0.08824066225044502,0.01904509052494141
P84126_THETH_Chan_2017,461,0.7016852265337837,0.5786655259335871,0.478578642983775,0.2290408046587225,0.5053817001535661,0.6077082775181906,0.6951261862186632,0.19630352638021764,0.09397694901559317,0.006559040315120557
PABP_YEAST_Melamed_2013,458,0.7631309690776732,0.5751127413960513,0.6139361305016425,0.26469688980039763,0.611751603160418,0.6279640789318208,0.7609422087963462,0.1513793659172552,0.13516689014585237,0.0021887602813269735
PAI1_HUMAN_Huttinger_2021,2234,0.6245059494804477,0.6730935345469543,0.40041474505014907,0.2615515119111177,0.41414882281530285,0.6232109808901953,0.6043243604200127,0.21035712666514483,0.0012949685902523544,0.02018158906043499
PA_I34A1_Wu_2015,1584,0.16312142934458213,0.20301027820648035,0.1287806639162697,0.09027074372729607,0.13533147920875332,0.19537718825327532,0.16054367009857148,0.0277899501358288,-0.0322557589086932,0.0025777592460106413
PHOT_CHLRE_Chen_2023,738,0.6396172038733671,0.5257539844952341,0.22844403862212187,0.18620762622636314,0.2968012724836559,0.5154394059107806,0.6387860578708896,0.34281593138971117,0.12417779796258643,0.0008311460024774675
PIN1_HUMAN_Tsuboyama_2023_1I6C,238,0.7819663388019409,0.819527931431592,0.5068606100650177,0.5213560198567124,0.5257230644339141,0.8214866242519209,0.7805754309124204,0.25624327436802674,-0.039520285449979986,0.001390907889520454
PITX2_HUMAN_Tsuboyama_2023_2L7M,303,0.7479708521184201,0.6427577552904481,0.4212272242717726,0.40449242473212665,0.4497971777440742,0.6736810404323782,0.7273642319999283,0.2981736743743459,0.07428981168604187,0.020606620118491792
PKN1_HUMAN_Tsuboyama_2023_1URF,430,0.6740110382565215,0.620031133544035,0.34647105995565824,0.43402345731735154,0.3594226142742582,0.648877777253644,0.6721996320581158,0.31458842398226333,0.025133261002877494,0.0018114061984056962
POLG_CXB3N_Mattenberger_2021,4517,0.34340427627400977,0.4888869514682792,0.2338242313680036,0.2529369851932891,0.23474796511501475,0.4712827319101843,0.3393455610118624,0.10865631115899502,-0.12787845563617456,0.00405871526214735
POLG_DEN26_Suphatrakul_2023,5609,0.3605289316669831,0.5307143858805354,0.18179622090272193,0.23900533084080305,0.18271597182225272,0.5073140146089579,0.3778062505346929,0.17781295984473036,-0.1467850829419748,-0.017277318867709834
POLG_HCVJF_Qi_2014,509,0.46197494572834985,0.5364031372618611,0.447752181645793,0.5062383189075957,0.4599824336385253,0.5352850182767218,0.44718380113830314,0.0019925120898245385,-0.07331007254837196,0.014791144590046712
POLG_PESV_Tsuboyama_2023_2MXD,341,0.6509308045086951,0.7029008774178068,0.36671559993238045,0.3802965326122646,0.3901519803249009,0.7135471346228303,0.6487543284672727,0.2607788241837942,-0.06261633011413514,0.0021764760414224593
PPARG_HUMAN_Majithia_2016,3016,0.7051698803425765,0.8111150691039306,0.5361395450920359,0.38321252860438143,0.5319092561211699,0.7863441598361803,0.6957501654101814,0.17326062422140664,-0.08117427949360378,0.009419714932395129
PPM1D_HUMAN_Miller_2022,2442,0.40182892524349817,0.48290307742305083,0.2684162835302782,0.2767095309046955,0.30648192682656716,0.43635201158131176,0.37756760909124687,0.095346998416931,-0.03452308633781359,0.0242613161522513
PR40A_HUMAN_Tsuboyama_2023_1UZC,388,0.8038711455100529,0.7095488122803246,0.4061000480592966,0.478763194744413,0.4501804139795003,0.7438236646764294,0.7998636939343136,0.3536907315305526,0.060047480833623545,0.00400745157573934
PRKN_HUMAN_Clausen_2023,2712,0.5479574386939683,0.5983563090245065,0.42504180515207474,0.3050484877084175,0.4242529293745257,0.5672930459215619,0.5258871298580093,0.1237045093194426,-0.019335607227593643,0.02207030883595895
PSAE_PICP2_Tsuboyama_2023_1PSE,428,0.7328076122189051,0.6672684021483493,0.5016676065729653,0.39318963887449,0.4549816057218887,0.6934002277735473,0.7246220509053661,0.2778260064970164,0.03940738444535785,0.00818556131353898
PTEN_HUMAN_Matreyek_2021,1661,0.38299978881974683,0.42906016296739863,0.2904830737962169,0.26070026088344617,0.29540309905234485,0.3682761236638704,0.36207677577617664,0.08759668976740198,0.01472366515587642,0.020923013043570193
PTEN_HUMAN_Mighell_2018,2295,0.3005351508442156,0.40983365688479145,0.2599238717541518,0.22507710817496468,0.24951762431598504,0.3793360462163532,0.28406826033151156,0.05101752652823058,-0.07880089537213758,0.016466890512704058
Q2N0S5_9HIV1_Haddox_2018,3890,0.364799949299885,0.526531058553855,0.3238846103869143,0.36789524360351794,0.31372217635960736,0.4901822390596706,0.3692221888584637,0.051077772940277655,-0.1253822897597856,-0.004422239558578678
Q53Z42_HUMAN_McShan_2019_binding-TAPBPR,1057,0.4812473853164138,0.3858497606773182,0.36612395730238934,0.2872036576951683,0.39250282917927815,0.36331121683335926,0.4562920468692157,0.08874455613713567,0.11793616848305455,0.024955338447198105
Q53Z42_HUMAN_McShan_2019_expression,1057,0.48922869516485107,0.3979592459312594,0.3203759672664479,0.24130408857174684,0.3356827970699422,0.3918089206327401,0.47582991406785985,0.15354589809490887,0.09741977453211098,0.013398781096991219
Q59976_STRSQ_Romero_2015,2801,0.47172332792348853,0.6016730927937193,0.37681537838396173,0.2559795052278034,0.4089737076168062,0.5654480648689374,0.45382675533945704,0.06274962030668235,-0.09372473694544886,0.01789657258403149
Q6WV12_9MAXI_Somermeyer_2022,951,0.3264738143351398,0.17132071015234424,0.2150531745272425,0.14938076396451788,0.2427556982172087,0.15731652976245153,0.32325234989743123,0.08371811611793109,0.16915728457268825,0.0032214644377085433
Q837P4_ENTFA_Meier_2023,207,0.5754639008184103,0.49004942873349,0.4312425816615703,0.4060365198588601,0.4307408211280873,0.5191848310509684,0.5749769062474679,0.14472307969032294,0.0562790697674419,0.0004869945709423673
Q837P5_ENTFA_Meier_2023,230,0.6645575084798027,0.5033240826395312,0.402799876657416,0.29470382591701544,0.4344002466851681,0.487881591119334,0.6594264569842737,0.23015726179463458,0.17667591736046867,0.005131051495528949
Q8WTC7_9CNID_Somermeyer_2022,1032,0.30039837055187774,0.30097431884797143,0.17351863096555772,0.13006740699813843,0.1785272978973738,0.2806619072019211,0.29555988454159954,0.12187107265450395,0.019736463349956657,0.004838486010278198
R1AB_SARS2_Flynn_2022,1989,0.41911746506755226,0.45894546078982784,0.2650210016146741,0.27996078758163984,0.2623292930014226,0.43954376772544224,0.4093878516491382,0.15678817206612966,-0.020426302657889972,0.009729613418414051
RAD_ANTMA_Tsuboyama_2023_2CJJ,250,0.5528259303721488,0.5806002400960384,0.2342665066026411,0.26396792943591285,0.2573733493397359,0.590703481392557,0.5507130852340936,0.2954525810324129,-0.03787755102040824,0.0021128451380552082
RAF1_HUMAN_Zinkus-Boltz_2019,198,0.30145593375650054,0.3414129124047971,0.22047843356838034,0.14159072445496323,0.20253294034259522,0.3192146564625483,0.2927426820686504,0.09892299341390531,-0.01775872270604778,0.008713251687850143
RASH_HUMAN_Bandaru_2017,973,0.5500224036724681,0.4294469067678679,0.4067338778518835,0.44114651060364196,0.43856911120560815,0.45498911765319994,0.5245560702698981,0.11145329246685998,0.09503328601926819,0.025466333402569985
RASK_HUMAN_Weng_2022_abundance,921,0.4637467476903708,0.35232189585027973,0.3710477948479757,0.2624391998816708,0.3685069557629968,0.3710071021058996,0.4516238462728703,0.09523979192737397,0.09273964558447118,0.012122901417500498
RASK_HUMAN_Weng_2022_binding-DARPin_K55,935,0.5247361988409265,0.47983770035124546,0.37454701270201873,0.38389112792563684,0.4152525392839026,0.46585137580333197,0.5060089774975317,0.10948365955702388,0.058884823037594514,0.018727221343394773
RBP1_HUMAN_Tsuboyama_2023_2KWH,335,0.7749620879559422,0.7438023784819221,0.4725117726873654,0.5552002385139109,0.4762231622635486,0.7775800143666695,0.7748583286774683,0.29873892569239363,-0.0026179264107272227,0.00010375927847394717
RCD1_ARATH_Tsuboyama_2023_5OAO,314,0.6871222709073054,0.6296213580619979,0.5238602645912754,0.5685897500458157,0.5195535177380652,0.6156694618619526,0.6853578038830551,0.16756875316924014,0.07145280904535278,0.0017644670242502603
RCRO_LAMBD_Tsuboyama_2023_1ORC,414,0.7754203807098312,0.7663959749178673,0.5399424121224357,0.48991985764264295,0.5317912766046765,0.7808356150113422,0.7760895692720553,0.2436291041051547,-0.005415234301511029,-0.0006691885622240878
RD23A_HUMAN_Tsuboyama_2023_1IFY,275,0.7430014430014432,0.6966522366522369,0.48882079775854,0.5302158030724671,0.5100236181400447,0.7283261183261185,0.7352525252525254,0.2329778248613985,0.01467532467532473,0.0077489177489178385
RDRP_I33A0_Li_2023,2868,0.2626419768617557,0.363140385359741,0.195861607682978,0.1643928780034122,0.18907898602272338,0.343849276726775,0.26803414467652176,0.07356299083903234,-0.08120729986501929,-0.005392167814766036
REV_HV1H2_Fernandes_2016,645,0.3196690518783543,0.24891771019678002,0.24161595731544092,0.23830606608293997,0.23572588960495283,0.2511292486583184,0.3153957960644007,0.08394316227340148,0.06853980322003589,0.0042732558139536025
RFAH_ECOLI_Tsuboyama_2023_2LCL,333,0.65263419635676,0.575695156467764,0.40148827861010006,0.4544627101772155,0.44834037437776847,0.6103481768451041,0.6514273961332786,0.20429382197899154,0.04228601951165589,0.001206800223481408
RL20_AQUAE_Tsuboyama_2023_1GYZ,372,0.6032180673824509,0.5081516787154854,0.31779316815323927,0.467527000582243,0.38539613008827134,0.5527206687581596,0.6018033866599115,0.21782193729417954,0.050497398624291256,0.0014146807225393632
RL40A_YEAST_Mavor_2016,409,0.4909584249456399,0.45345983247685967,0.42936050563311473,0.3479830902920528,0.38077309289921085,0.43551496556051966,0.5053705832697577,0.11018533204642905,0.05544345938512024,-0.014412158324117796
RL40A_YEAST_Roscoe_2013,398,0.6088998882036857,0.504478524288651,0.47908343784847496,0.3930067102267144,0.4737410292473584,0.5088293843990047,0.6098741389880631,0.1351588589563273,0.10007050380468097,-0.0009742507843774062
RL40A_YEAST_Roscoe_2014,438,0.46595879139557006,0.3974483807102317,0.3278001041158398,0.42611380566064916,0.3811634951462673,0.4433209672570656,0.4379849329913754,0.08479529624930277,0.02263782413850446,0.02797385840419464
RNC_ECOLI_Weeks_2023,1333,0.49915028855651605,0.4740057302816463,0.39888670757984324,0.2842748808146855,0.38822152903686746,0.4180341195636676,0.49046226497172335,0.11092875951964859,0.08111616899284846,0.008688023584792703
RPC1_BP434_Tsuboyama_2023_1R69,371,0.8405640795806619,0.7541061205401507,0.5276099246989856,0.5509612063780819,0.5525178248247914,0.7764923712465167,0.8356428613184199,0.28804625475587053,0.06407170833414522,0.004921218262242011
RPC1_LAMBD_Li_2019_high-expression,343,0.5480752976076868,0.44200666379465475,0.28265360003986145,0.21703143445396286,0.3099498874777886,0.5319772711161038,0.5457985919870867,0.23812541012989819,0.016098026491582984,0.002276705620600117
RPC1_LAMBD_Li_2019_low-expression,343,0.6359149084682544,0.4008388092420615,0.43188534155360453,0.33387266961912726,0.45232442077051066,0.5100754175778033,0.626119566580688,0.18359048769774372,0.1258394908904511,0.009795341887566367
RS15_GEOSE_Tsuboyama_2023_1A32,376,0.7660814690288374,0.5881579132105448,0.6790852457225137,0.6116599074375728,0.6884892817639321,0.6023078827289353,0.7583819253292938,0.07759218726490535,0.16377358629990213,0.007699543699543621
S22A1_HUMAN_Yee_2023_abundance,3129,0.4803265683702542,0.6317375614666149,0.2309919592859316,0.24304604929586243,0.26865469788800134,0.6005355253927174,0.46247592865180903,0.2116718704822529,-0.12020895702246315,0.017850639718445194
S22A1_HUMAN_Yee_2023_activity,3209,0.4082830394079414,0.592378614057078,0.22419775847223522,0.24102532437760918,0.21422562024704214,0.5513038657852473,0.39815812909038506,0.19405741916089927,-0.14302082637730584,0.010124910317556357
SAV1_MOUSE_Tsuboyama_2023_2YSB,234,0.6938297872340426,0.6500539623805118,0.3592460684551341,0.3462469280034972,0.36487049028677154,0.6630619796484736,0.6941859389454208,0.3289592969472711,0.030767807585569074,-0.0003561517113781498
SBI_STAAM_Tsuboyama_2023_2JVG,352,0.6953815647508238,0.663670719972006,0.3259808124106961,0.28169283279123125,0.33924591024407313,0.7053591111888724,0.6936774268801214,0.35613565450675067,-0.009977546438048601,0.001704137870702449
SC6A4_HUMAN_Young_2021,3592,0.2410139325097967,0.3858959922988558,0.21190086492665056,0.2301037303291432,0.21014408193639592,0.3734317953668352,0.226400072675202,0.030869850573400776,-0.1324178628570385,0.014613859834594678
SCIN_STAAR_Tsuboyama_2023_2QFF,401,0.7711525619475604,0.7126588567573441,0.5132578070506444,0.4316622163431176,0.5153939258801871,0.7189000377345546,0.7691875064320264,0.25575863606737337,0.05225252421300586,0.0019650555155340532
SCN5A_HUMAN_Glazer_2019,67,-0.08351648351648353,0.0355362772119107,-0.05340659340659339,0.052823214233111315,-0.1010989010989011,0.08558111126500664,-0.05450549450549449,0.017582417582417575,-0.16909759478149017,-0.029010989010989037
SDA_BACSU_Tsuboyama_2023_1PV0,258,0.6865072995816613,0.6689524460001707,0.5007516434730641,0.32533129252311427,0.460925467429352,0.6791394177409715,0.6831541022795184,0.22558183215230937,0.007367881840689816,0.0033531973021428962
SERC_HUMAN_Xie_2023,1913,0.44272666379794445,0.44398290698246407,0.32837784437816203,0.22319894092588904,0.3253499289427163,0.4167593738385227,0.4406488225626992,0.11737673485522815,0.02596728995942177,0.002077841235245237
SHOC2_HUMAN_Kwon_2022,3243,0.2623022861615584,0.43619646098838194,0.1646227149646869,0.23309291416035766,0.1868531315961081,0.4111591383203256,0.24018247660277367,0.07544915456545026,-0.1488568521587672,0.022119809558784703
SOX30_HUMAN_Tsuboyama_2023_7JJK,341,0.7014346244662693,0.6521552631435442,0.4307595744332774,0.33943700184129555,0.4461202209631419,0.6854129425942992,0.699715343632586,0.25531440350312734,0.01602168187197006,0.0017192808336832233
SPA_STAAU_Tsuboyama_2023_1LP1,326,0.6933244181191942,0.6900210051142888,0.40510653836398525,0.3540052203017149,0.3995221620008904,0.6754267560797411,0.6928338638972968,0.2938022561183038,0.01789766203945309,0.0004905542218973657
SPG1_STRSG_Olson_2014,328,0.6941648473383102,0.5861342714980662,0.41310489549016094,0.4802043017987395,0.44952110700865733,0.632015023868126,0.6850380451231085,0.24464374032965286,0.06214982347018416,0.00912680221520168
SPG2_STRSG_Tsuboyama_2023_5UBS,323,0.7345521145521146,0.6584794372294371,0.525832162405124,0.47901093796567257,0.5298479169623154,0.6714522977022976,0.7351706626706627,0.20470419758979919,0.06309981684981691,-0.0006185481185481123
SPIKE_SARS2_Starr_2020_binding,1190,0.43224661685045407,0.3336129553608037,0.29528030829480156,0.25781490484011116,0.31264195192728644,0.33265336647474164,0.42660540928357066,0.11960466492316763,0.09959325037571243,0.0056412075668834105
SPIKE_SARS2_Starr_2020_expression,1190,0.5204802889676938,0.43545259901301536,0.3257673839841817,0.15405769049693,0.3317004872301081,0.4232309821682777,0.5109634734174555,0.18877980173758574,0.09724930679941612,0.009516815550238311
SPTN1_CHICK_Tsuboyama_2023_1TUD,324,0.6643739593739593,0.5989968364968364,0.3825236430527169,0.46845646927001827,0.41678779553779544,0.6194230769230769,0.6618248418248418,0.24758616383616383,0.04495088245088241,0.0025491175491174634
SQSTM_MOUSE_Tsuboyama_2023_2RRU,246,0.7777599039615846,0.7383409363745497,0.6271116446578631,0.6102968990846123,0.6308535414165666,0.7449015606242496,0.778831932773109,0.146906362545018,0.03285834333733495,-0.0010720288115244614
SR43C_ARATH_Tsuboyama_2023_2N88,309,0.7427926770919897,0.7234071164161063,0.4743683110473168,0.4024095870627787,0.43607111379718466,0.7265951499584499,0.746880713152527,0.30672156329480504,0.016197527133539835,-0.0040880360605373145
SRBS1_HUMAN_Tsuboyama_2023_2O2W,381,0.7409794416110206,0.6753044849886956,0.45992126973197367,0.410454501137973,0.5125315217902647,0.6776581313423419,0.7402502760397497,0.22844791982075585,0.06332131026867871,0.0007291655712708955
SRC_HUMAN_Ahler_2019,1083,0.5519385525717383,0.4258025570175855,0.3817737722460128,0.43947004816292595,0.4334344005398467,0.43871470598099505,0.5282245091635512,0.11850415203189157,0.11322384659074325,0.023714043408187058
SRC_HUMAN_Chakraborty_2023_binding-DAS_25uM,1155,0.4457481648785997,0.3282038201678382,0.3207359857995563,0.4222380065128829,0.35057109141540976,0.3488494713682121,0.4373872154831676,0.09517707346318993,0.0968986935103876,0.008360949395432082
SRC_HUMAN_Nguyen_2022,1081,0.42731907092107235,0.3104094372216908,0.3106991265445469,0.3708862609218996,0.32425611839259794,0.3244543824903364,0.4126772245704501,0.10306295252847442,0.10286468843073593,0.014641846350622267
SUMO1_HUMAN_Weile_2017,564,0.577675682868976,0.4257648725976626,0.4024093675450263,0.3267261759124356,0.426083077245606,0.4331930789662509,0.5750651892827021,0.15159260562336996,0.14448260390272505,0.0026104935862738543
SYUA_HUMAN_Newberry_2020,763,0.45448660785014905,0.4320684222863707,0.30330152189189,0.40260121938024485,0.299821803982543,0.4682385613074723,0.44775907257608194,0.15466480386760606,-0.013751953457323274,0.006727535274067109
TADBP_HUMAN_Bolognesi_2019,502,0.7542753569474595,0.7236159615961595,0.4939498359642015,0.5636658989887108,0.5202014083761316,0.7136957695769576,0.7545062035615325,0.2340739485713279,0.040579587370501935,-0.00023084661407302143
TAT_HV1BR_Fernandes_2016,481,0.24969199508343762,0.3049935497801942,0.15443448459144915,0.2590511338865996,0.1737598137464427,0.2837869711096593,0.24217903927713244,0.07593218133699492,-0.03409497602622166,0.007512955806305177
TCRG1_MOUSE_Tsuboyama_2023_1E0L,191,0.7003118503118502,0.5854174417332312,0.5273319764984965,0.4230614028315635,0.5146295007325887,0.6149338001969581,0.6989583105372579,0.18568234957926144,0.08537805011489208,0.001353539774592294
THO1_YEAST_Tsuboyama_2023_2WQG,215,0.6524916943521595,0.6619752340682574,0.28793937250560764,0.22606028569515754,0.28577670076143047,0.6760797342192691,0.6558441558441558,0.366714993590729,-0.023588039867109667,-0.003352461491996306
TNKS2_HUMAN_Tsuboyama_2023_5JRT,375,0.8149075391180653,0.7547197724039829,0.5026898139736191,0.5951286882567483,0.5193285917496444,0.775180654338549,0.8115049786628733,0.29557894736842094,0.03972688477951636,0.0034025604551920496
TPK1_HUMAN_Weile_2017,959,0.2060013535180762,0.1840031831946739,0.12081863092338267,0.10625357665265267,0.14030453601890208,0.1605930600787839,0.19278788851180118,0.06569681749917411,0.045408293439292285,0.013213465006275016
TPMT_HUMAN_Matreyek_2018,1126,0.3509792415036266,0.34284566553610646,0.20401787591586804,0.25087739599303954,0.19869346881782632,0.3266007460954832,0.3396088038895727,0.15228577268580026,0.024378495408143408,0.011370437614053874
TPOR_HUMAN_Bridgford_2020,172,0.3618130888719124,0.28057550292844413,0.34427807486631024,0.39328846614539403,0.36680926916221035,0.29806977336389096,0.35464731347084283,-0.004996180290297969,0.06374331550802143,0.007165775401069552
TRPC_SACS2_Chan_2017,463,0.7178833192709233,0.5680403449613559,0.4007592265954214,0.30204559984733337,0.42792930821989195,0.618635606284438,0.7051271667069463,0.28995401105103136,0.09924771298648527,0.012756152563976997
TRPC_THEMA_Chan_2017,479,0.5659739843686865,0.3899700130453354,0.4016415927156052,0.30232521244987415,0.4014845465085277,0.41094053405063435,0.5559163193682826,0.1644894378601588,0.15503345031805216,0.010057665000403948
UBC9_HUMAN_Weile_2017,885,0.5586433752878242,0.48974481051228347,0.4400212320426453,0.24871086992723118,0.4358442380435198,0.504121292913904,0.5567653780232338,0.12279913724430436,0.0545220823739202,0.0018779972645903698
UBE4B_HUMAN_Tsuboyama_2023_3L1X,344,0.7747112810081853,0.7081609126453955,0.456223358014266,0.358137123688976,0.4695163568347521,0.755018077315287,0.7727828159167626,0.3051949241734332,0.019693203692898287,0.0019284650914227486
UBE4B_MOUSE_Starita_2013,558,0.3527115087734557,0.18081470403548516,0.3448765752305575,0.3489926900332688,0.3572307470095081,0.3238289403880433,0.3435774080021868,-0.004519238236052381,0.02888256838541242,0.009134100771268916
UBR5_HUMAN_Tsuboyama_2023_1I2T,337,0.6831438020314611,0.6204902018621148,0.513589111247078,0.49927428247146277,0.5517894706999582,0.6463286913491135,0.6771587308748053,0.13135433133150287,0.03681511068234755,0.005985071156655808
VG08_BPP22_Tsuboyama_2023_2GP8,261,0.8274661582097764,0.7373620952977225,0.4978937664062018,0.28354115343904396,0.4752124261347316,0.7429171765464773,0.8272432340134893,0.35225373207504485,0.08454898166329916,0.0002229241962871109
VILI_CHICK_Tsuboyama_2023_1YU5,418,0.7950936519185987,0.6961573697948179,0.573759978803531,0.40258862332076983,0.5583469016313318,0.7032971401901931,0.7949201520161401,0.23674675028726688,0.09179651172840564,0.00017349990245862923
VKOR1_HUMAN_Chiasson_2020_abundance,869,0.6313673470333756,0.491996037393129,0.4508274655981081,0.3115721417952404,0.4573742883542389,0.5230783018799207,0.6161194847816428,0.17399305867913673,0.10828904515345494,0.015247862251732802
VKOR1_HUMAN_Chiasson_2020_activity,254,0.37591613426935777,0.38662841829466765,0.16596678153144123,0.002137149785045633,0.16827503978258623,0.4135386032107964,0.37151269225215316,0.20764109448677154,-0.037622468941438614,0.004403442017204606
VRPI_BPT7_Tsuboyama_2023_2WNM,349,0.8158132426271182,0.7651473032568814,0.46767417806069156,0.5413526030193527,0.4655556870635579,0.7880113417075343,0.8133515157440808,0.3502575555635603,0.0278019009195839,0.002461726883037363
YAIA_ECOLI_Tsuboyama_2023_2KVT,309,0.6385303820100224,0.5864556420135478,0.28115021713758753,0.38640629772810103,0.309281972596315,0.6070469139533128,0.634638261438896,0.3292484094137074,0.03148346805670965,0.003892120571126423
YAP1_HUMAN_Araya_2012,167,0.7257429335370512,0.6865355233002293,0.4567589763177998,0.3563147484182917,0.45498663101604275,0.718048128342246,0.7198911382734913,0.27075630252100846,0.007694805194805254,0.005851795263559945
YNZC_BACSU_Tsuboyama_2023_2JVD,228,0.76250441510386,0.6884646651529167,0.5457338449190318,0.4222776262057889,0.5396500497236684,0.6964740840411514,0.7592100468141171,0.22285436538019165,0.06603033106270861,0.003294368289742944
