feature,n_active,path_rate,n_genes,modality_ratio,top_gene_1,top_gene_1_OR,top_gene_1_p,top_sub_1,top_sub_1_OR,mean_charge_chg,mean_hydro_chg,mean_vol_chg,proposed_concept
84,319,0.9347826086956522,241,0.195,FH,30.843202105338026,3.749642957430162e-12,N>S,13.616348195329087,0.07993730407523511,0.5561128526645768,11.45141065830721,"gene-enriched(FH,MMUT,GRIN1) + sub(N>S,V>L,K>R) + strongly-DNA-driven"
112,4,1.0,4,0.437,MPP7,6686.128205128205,0.0002147276306408302,K>R,304.3933202357564,0.0,-1.8000000000000003,-9.75,"gene-enriched(MPP7,RPL5,DONSON) + sub(K>R)"
330,39,0.96875,33,0.652,KLHL24,1086.3208333333334,5.464762478334401e-09,M>I,inf,0.0,2.599999999999999,3.0,"gene-enriched(KLHL24,MOCS2,PROP1) + sub(M>I) + hydrophobicity-change + strongly-protein-driven"
506,5,0.75,5,0.571,KRT6A,1104.7118644067796,0.001149892171707682,L>F,121.00438459129346,0.0,-1.1600000000000001,34.4,"gene-enriched(KRT6A,KRT5,GFAP) + sub(L>F)"
614,4,1.0,2,0.588,NDUFAF5,22348.885714285716,1.1415796839213036e-11,M>L,664.5051194539249,0.0,2.0,-3.5,"gene-enriched(NDUFAF5,SDHD) + sub(M>L)"
927,95,0.8444444444444444,87,0.583,DHCR7,55.52600170502984,2.7912439915550307e-05,F>S,40.35859636537542,0.010526315789473684,0.6757894736842107,-34.473684210526315,"gene-enriched(DHCR7,KRTAP10-11,TRPV4) + sub(F>S,C>S,Y>C)"
946,62,0.875,53,0.422,SELENON,790.0090909090909,4.330617023109749e-06,M>V,114.84205167366679,0.056451612903225805,1.1064516129032262,-20.258064516129032,"gene-enriched(SELENON,IFNGR2,BBS5) + sub(M>V,M>L,M>T)"
1159,15,0.9285714285714286,11,0.595,RSPH9,2414.203703703704,6.244333820119231e-10,M>V,100.32550221314266,0.06666666666666667,1.3066666666666669,-13.733333333333333,"gene-enriched(RSPH9,C12orf57,PYGM) + sub(M>V,M>L)"
1536,4,1.0,2,0.587,GJA3,4828.111111111111,2.71674249942441e-07,P>L,115.19247620486479,0.0,3.5750000000000006,45.25,"gene-enriched(GJA3,GJB1) + sub(P>L) + hydrophobicity-change + volume-change"
1609,6,1.0,3,0.568,BBS5,17982.137931034482,3.1849334457611345e-15,,0.0,0.16666666666666666,1.4802973661668753e-16,-13.5,"gene-enriched(BBS5,HMBOX1,USH1C)"
1947,5,1.0,2,0.582,FBXO11,6356.268292682927,8.304409299250178e-13,N>S,inf,0.0,2.7,-25.0,"gene-enriched(FBXO11,MTHFR) + sub(N>S) + hydrophobicity-change"
1979,5,1.0,5,0.55,OR4X2,4345.933333333333,0.0003067414070182297,S>R,571.3359073359073,0.8,-3.06,88.2,"gene-enriched(OR4X2,UPF3A,HNRNPK) + sub(S>R) + charge-change + hydrophobicity-change + volume-change + frequent-charge-change"
2013,37,0.8888888888888888,32,0.625,ETFDH,152.27191273860538,1.5462068019059766e-06,M>I,67.33252680166765,0.05405405405405406,1.327027027027027,-8.35135135135135,"gene-enriched(ETFDH,BTK,OR5T3) + sub(M>I,M>L,M>V)"
2030,45,0.9130434782608695,45,0.569,MED9,2962.8295454545455,0.0005175983334104709,C>Y,23.221714183252644,0.28888888888888886,-1.9822222222222223,6.933333333333334,"gene-enriched(MED9,ACAP2,SLC25A35) + sub(C>Y,C>R,L>R)"
2173,77,0.8235294117647058,71,0.555,PHEX,68.29389788293898,5.587610750916392e-07,W>S,173.55743603411514,0.006493506493506494,-0.3311688311688311,-41.58441558441559,"gene-enriched(PHEX,CTSC,F11) + sub(W>S,W>L,W>C) + volume-change"
2253,10,1.0,10,0.577,DCAKD,4828.888888888889,0.00026840181896086075,,0.0,-0.05,-0.20999999999999996,-24.6,"gene-enriched(DCAKD,RUNDC1,UBAC1)"
2262,4,1.0,4,0.554,ACOX1,1889.3188405797102,0.0007207345065844974,,0.0,-0.75,-1.525,11.75,"gene-enriched(ACOX1,PIK3R1,SHH) + charge-change + frequent-charge-change"
2299,11,0.875,10,0.578,ELANE,402.1929012345679,1.706518682375949e-05,S>F,inf,0.0,3.6,101.0,"gene-enriched(ELANE,OR52N4,RAB39B) + sub(S>F) + hydrophobicity-change + volume-change"
2400,155,0.8961038961038961,132,0.573,CYP11B1,102.17098039215686,2.932938680664334e-09,P>L,16.81476130122518,0.11290322580645161,2.3838709677419354,27.73548387096774,"gene-enriched(CYP11B1,PDHA1,SCNN1B) + sub(P>L,P>T,P>Q)"
2467,4,1.0,2,0.56,ALPL,2066.6190476190477,1.2363388322569455e-08,,0.0,-0.5,-1.6500000000000001,-61.5,"gene-enriched(ALPL,PTEN) + volume-change"
2539,3,1.0,3,0.599,FRA10AC1,14486.888888888889,0.0001150372911428302,,0.0,0.3333333333333333,-1.3333333333333333,0.6666666666666666,"gene-enriched(FRA10AC1,TINAG,SEMA4A)"
2712,4,1.0,3,0.461,SLC17A5,5320.877551020408,2.249308604746237e-07,,0.0,0.5,-2.25,6.5,"gene-enriched(SLC17A5,GALT,NAGLU)"
2805,263,0.8870967741935484,231,0.248,ATP5F1D,110.89612601106855,0.00019022292441599678,L>R,62.63383366336634,0.5437262357414449,-4.2091254752851714,-1.2813688212927756,"gene-enriched(ATP5F1D,DVL2,GATA2) + sub(L>R,V>G,C>R) + charge-change + hydrophobicity-change + strongly-DNA-driven"
2838,224,0.8942307692307693,188,0.256,KRT5,68.2692005242464,7.885688341319566e-10,N>K,40.54985359210078,0.09151785714285714,0.00044642857142856984,11.419642857142858,"gene-enriched(KRT5,GATA2,KCNQ2) + sub(N>K,D>E,H>Q) + strongly-DNA-driven"
2853,41,0.8529411764705882,41,0.637,PPP5C,2172.766666666667,0.0006287475460991718,M>T,inf,0.0,-2.5999999999999996,-47.0,"gene-enriched(PPP5C,PIGM,SF3B4) + sub(M>T) + hydrophobicity-change + volume-change"
2877,5,1.0,4,0.566,ALPL,458.03342128408093,2.122815054566678e-05,H>R,inf,0.5,-1.2999999999999998,20.0,"gene-enriched(ALPL,GALNT2,PRUNE1) + sub(H>R)"
3231,268,0.9536423841059603,221,0.56,RP2,59.789256198347104,9.480513733387797e-07,G>V,13.503556485355649,0.3880597014925373,2.250746268656717,34.38805970149254,"gene-enriched(RP2,RPL32,GNAO1) + sub(G>V,D>V,P>L)"
3441,515,0.9285714285714286,397,0.181,PTEN,11.143684075122202,1.0680186001708744e-06,C>F,103.85800743374273,-0.23009708737864076,-0.04446601941747577,-13.14757281553398,"gene-enriched(PTEN,CTCF,ATL1) + sub(C>F,Y>N,H>D) + strongly-DNA-driven"
3453,4,1.0,2,0.559,NAA10,17776.909090909092,2.194195754573473e-11,F>L,273.24152542372883,0.0,1.175,-24.0,"gene-enriched(NAA10,CYP2F1) + sub(F>L)"
3518,57,0.7619047619047619,55,0.627,TTC9C,1163.90625,0.0010924226977771052,A>S,inf,0.0,-2.5999999999999996,0.0,"gene-enriched(TTC9C,GPX7,SLC17A7) + sub(A>S) + hydrophobicity-change"
3575,330,0.927461139896373,253,0.217,LDLR,17.13421932758317,2.6936602458595e-16,D>V,60.426422242832054,0.3,1.6721212121212123,-5.136363636363637,"gene-enriched(LDLR,TP63,PPP2R5D) + sub(D>V,N>I,H>P) + strongly-DNA-driven"
3581,4,1.0,4,0.571,NSF,7901.848484848485,0.00018405437223867932,P>L,115.19247620486479,-0.5,4.15,30.5,"gene-enriched(NSF,MTDH,ATP5F1D) + sub(P>L) + hydrophobicity-change"
3833,12,1.0,11,0.564,MLH1,106.6704918032787,0.00022966644246368514,I>F,1818.5244755244755,0.0,-1.8499999999999999,19.5,"gene-enriched(MLH1,SLC25A14,LACC1) + sub(I>F)"
3836,67,0.9,64,0.56,KCNA2,96.61760889712697,0.00022896409147046302,Y>C,9.175964189369461,-0.09701492537313433,0.05074626865671633,-11.91044776119403,"gene-enriched(KCNA2,CYP11B1,STAT1) + sub(Y>C,Y>D,R>T)"
3843,4,1.0,2,0.582,SCNN1B,14220.927272727273,4.175267468162226e-11,,0.0,0.125,0.22500000000000003,-3.25,"gene-enriched(SCNN1B,TMEM127)"
3952,32,0.9583333333333334,13,0.614,LDLR,230.20273348519362,1.2072609642633545e-26,D>E,inf,0.0,0.0,27.0,"gene-enriched(LDLR,COMP,SYT1) + sub(D>E)"
3958,419,0.9174311926605505,341,0.186,PTEN,22.933694309869857,9.118051740107985e-14,F>S,39.19686568626079,0.09785202863961814,1.0620525059665873,-39.52983293556086,"gene-enriched(PTEN,UBIAD1,EIF3K) + sub(F>S,D>G,H>P) + strongly-DNA-driven"
3975,49,0.8518518518518519,44,0.407,ERI1,693.3803191489362,5.2815363995252415e-06,D>G,30.438299074662712,0.37755102040816324,1.9938775510204083,-33.48979591836735,"gene-enriched(ERI1,GAD1,TUBB3) + sub(D>G,Y>C,N>S)"
4022,85,0.96,80,0.363,SMARCAL1,70.55692432651956,0.000421914702570156,F>L,90.18989333799615,0.0,1.2517647058823531,-32.870588235294115,"gene-enriched(SMARCAL1,TTR,CST7) + sub(F>L,F>V,F>I)"
4128,4,1.0,4,0.567,YKT6,43461.666666666664,4.601597520336993e-05,,0.0,0.125,-0.42499999999999993,49.75,"gene-enriched(YKT6,SOX3,CYP4F22) + volume-change"
4183,44,0.7894736842105263,42,0.587,SLC25A1,653.4160401002506,5.830702648537336e-06,A>T,45.397954671088996,0.045454545454545456,-0.9750000000000001,37.56818181818182,"gene-enriched(SLC25A1,PARP16,SLC26A4) + sub(A>T,A>V,S>F)"
4234,412,0.90625,333,0.192,ACTA1,14.795932295932296,3.0475148748146767e-05,L>V,35.58765815760266,-0.220873786407767,0.7524271844660196,-30.12378640776699,"gene-enriched(ACTA1,TRAF7,NDST3) + sub(L>V,K>T,F>V) + strongly-DNA-driven"
4272,70,0.8275862068965517,67,0.601,CMC4,3778.3333333333335,0.0005367881947608706,G>D,10.399532333494598,0.29285714285714287,-0.9314285714285713,33.77142857142857,"gene-enriched(CMC4,S100A13,LCE1D) + sub(G>D,M>K,E>K)"
4360,4,1.0,3,0.56,STK11,1271.0585365853658,3.758373408952053e-06,,0.0,0.5,1.15,15.0,"gene-enriched(STK11,RPS6KA3,CDK4)"
4487,13,1.0,12,0.589,IFT27,2963.034090909091,3.5082218266278437e-07,A>T,172.55046554934822,-0.07692307692307693,-2.3384615384615386,28.46153846153846,"gene-enriched(IFT27,KLHL22,RRAS2) + sub(A>T)"
4808,5,1.0,5,0.573,GABRA3,3259.3875,0.00040258265843095864,,0.0,-0.4,-1.5400000000000003,-63.0,"gene-enriched(GABRA3,ADGRE5,AFG2B) + volume-change"
4878,8,0.8333333333333334,6,0.56,ACVRL1,568.3483636363636,6.685068274643445e-08,,0.0,0.25,0.04999999999999993,1.875,"gene-enriched(ACVRL1,SAV1,HOXA2)"
5026,120,0.90625,103,0.593,CHEK2,35.63273125342091,6.813377474625919e-06,L>S,631.1601941747573,0.0,-4.554166666666666,-78.36666666666666,"gene-enriched(CHEK2,PPP2R3C,MSH2) + sub(L>S,I>S,F>S) + hydrophobicity-change + volume-change"
5054,237,0.9108910891089109,195,0.596,GBA1,36.67997181964573,1.961596285398064e-09,F>L,108.03687408338571,0.0,0.979324894514768,-35.91983122362869,"gene-enriched(GBA1,PMM2,CALM1) + sub(F>L,F>V,F>I)"
5484,7,0.8,7,0.588,UGT1A6,7243.416666666667,0.00018788775761789631,S>F,103.66898024559531,0.0,0.8571428571428569,64.42857142857143,"gene-enriched(UGT1A6,OR6B2,OR10H5) + sub(S>F) + volume-change"
5486,80,0.8979591836734694,70,0.612,IDS,34.77184076943628,7.711666456799752e-06,P>R,7.071377821500793,0.1125,0.2375,25.3375,"gene-enriched(IDS,ALDH3A2,HRAS) + sub(P>R,F>S,C>Y)"
5542,85,0.9583333333333334,76,0.583,SLC26A4,42.43784378437844,3.5373971029051657e-06,F>S,7465.362776025237,0.0,-3.483529411764708,-100.32941176470588,"gene-enriched(SLC26A4,SERPING1,PDIA2) + sub(F>S,F>C) + hydrophobicity-change + volume-change"
5638,57,0.7619047619047619,55,0.585,MFSD8,141.46648575305292,0.00010908566166917475,N>H,157.1609785563274,0.15789473684210525,1.4385964912280702,33.54385964912281,"gene-enriched(MFSD8,ADRB2,NAPA) + sub(N>H,N>Y,N>K)"
5769,59,0.9130434782608695,56,0.574,AGBL5,147.51273344651952,0.00010053442908514752,D>V,14.040255153524578,0.15254237288135594,2.2559322033898304,10.932203389830509,"gene-enriched(AGBL5,ASIC2,LSM10) + sub(D>V,R>P,D>G) + frequent-charge-change"
6174,4,1.0,3,0.573,SOX11,2506.423076923077,9.814809570261031e-07,,0.0,0.125,0.25000000000000006,3.5,"gene-enriched(SOX11,SOX10,SOX9)"
6228,190,0.8983050847457628,151,0.27,ACTA1,46.540115418007254,3.967056632907838e-10,G>V,30.792801228292603,0.0868421052631579,1.8652631578947367,43.33157894736842,"gene-enriched(ACTA1,KCNQ2,TUBB2A) + sub(G>V,A>V,E>V) + volume-change + strongly-DNA-driven"
6347,154,0.9324324324324325,132,0.321,TAFAZZIN,215.72682119205297,5.845982685183402e-07,K>N,25.399548754169118,0.11688311688311688,0.22077922077922088,13.746753246753247,"gene-enriched(TAFAZZIN,OTC,WDR44) + sub(K>N,Q>H,G>R) + strongly-DNA-driven"
6626,264,0.926829268292683,231,0.221,GALT,23.0183908045977,3.6143783355231955e-05,G>A,120.35272794869411,0.13446969696969696,2.923484848484849,-2.962121212121212,"gene-enriched(GALT,COL9A2,RRAS2) + sub(G>A,P>A,D>A) + hydrophobicity-change + strongly-DNA-driven"
6645,5,1.0,1,0.58,GLA,inf,9.77037937292887e-14,,0.0,0.0,2.42,-121.8,gene-enriched(GLA) + volume-change
6687,5,1.0,5,0.576,RXFP3,5926.363636363636,0.00023006311301244415,S>L,163.8938689217759,0.0,2.3,45.4,"gene-enriched(RXFP3,SSTR5,THAP1) + sub(S>L) + volume-change"
6713,15,0.8571428571428571,13,0.591,CYP7B1,1671.2948717948718,1.7649080933785857e-09,R>H,17.82988893575144,-0.5,2.493333333333333,-31.933333333333334,"gene-enriched(CYP7B1,NUP35,DENND1B) + sub(R>H)"
6729,7,1.0,6,0.544,GNAI1,3160.4363636363637,3.673241506262006e-07,,0.0,0.07142857142857142,0.7142857142857144,8.714285714285714,"gene-enriched(GNAI1,REM2,GNAI3)"
6968,343,0.933649289099526,258,0.211,ACTA1,21.548657787592298,5.903653721609274e-07,L>P,33.32426910036406,0.5247813411078717,-1.7530612244897958,-27.941690962099127,"gene-enriched(ACTA1,TUBB2B,MID2) + sub(L>P,E>G,Q>R) + charge-change + strongly-DNA-driven"
7188,40,0.9090909090909091,36,0.587,GGTLC2,1372.2421052631578,1.5125615446071007e-06,P>R,122.54055468341183,0.65,-1.6949999999999998,61.825,"gene-enriched(GGTLC2,RASGRP2,SLC2A9) + sub(P>R,G>R,P>L) + charge-change + volume-change + frequent-charge-change"
7337,136,0.9195402298850575,121,0.579,DARS2,143.37007152026408,1.8087953227485803e-06,R>H,4903.865816984105,-0.4963235294117647,1.2698529411764705,-19.86764705882353,"gene-enriched(DARS2,LGALS9,ACP4) + sub(R>H)"
7524,161,0.9038461538461539,127,0.565,TYR,50.15194992778045,4.620907542270368e-09,G>S,7.705905170230013,0.015527950310559006,0.7229813664596274,0.8633540372670807,"gene-enriched(TYR,GCK,HAGHL) + sub(G>S,D>G,G>D)"
7696,175,0.90625,150,0.557,CAPN3,36.29634792305548,4.2849485319723403e-07,G>R,5.572211465887835,0.09428571428571429,0.3371428571428572,19.49142857142857,"gene-enriched(CAPN3,ALG1,PSMG2) + sub(G>R,G>V,G>D)"
7788,494,0.8739837398373984,404,0.578,LDLR,6.705656333500187,1.5201190688778527e-06,S>R,50.60881436622677,0.24898785425101214,0.17125506072874486,73.64574898785425,"gene-enriched(LDLR,IDS,SGCB) + sub(S>R,S>Y,S>W) + volume-change"
7876,5,1.0,5,0.594,CFD,2963.056818181818,0.00044091710073453083,A>V,52.068405916187345,0.0,0.4400000000000002,41.4,"gene-enriched(CFD,MASP1,TMPRSS3) + sub(A>V) + volume-change"
7902,14,0.9,14,0.592,RND2,20058.53846153846,0.00010736916771365103,V>G,inf,0.0,-4.6000000000000005,-80.0,"gene-enriched(RND2,FLOT2,CYP4Z1) + sub(V>G) + hydrophobicity-change + volume-change"
7964,45,0.9642857142857143,43,0.603,GRIA2,252.5998062015504,3.547942452563526e-05,W>G,109.54541631623212,0.022222222222222223,0.7711111111111112,-32.111111111111114,"gene-enriched(GRIA2,RPE65,SRI) + sub(W>G,W>C,Y>C)"
8197,4,1.0,4,0.557,PIGQ,2021.15503875969,0.0006747418201469658,,0.0,0.75,-4.475,54.25,"gene-enriched(PIGQ,ALOXE3,CLN3) + charge-change + hydrophobicity-change + volume-change + frequent-charge-change"
8281,50,0.9259259259259259,45,0.57,IL2RG,180.82839962997224,9.06552133834679e-07,H>P,38.93511935942528,-0.2,0.2840000000000001,8.66,"gene-enriched(IL2RG,PTPN11,CD40LG) + sub(H>P,F>S,N>I)"
8410,4,1.0,1,0.544,CYP1B1,inf,5.042592884650004e-15,,0.0,0.25,-1.025,-14.25,gene-enriched(CYP1B1)
8522,25,0.9285714285714286,24,0.593,COMP,116.18996655518394,0.00016839625779431976,P>R,25.597092419522326,0.44,-2.7319999999999998,16.36,"gene-enriched(COMP,XPOT,CDCP2) + sub(P>R,C>R) + hydrophobicity-change"
8664,3,1.0,3,0.573,LBX2,65192.75,3.451211374771292e-05,V>A,inf,0.0,-2.4000000000000004,-51.0,"gene-enriched(LBX2,DLX3,NKX2-5) + sub(V>A) + volume-change"
9035,22,0.8823529411764706,19,0.598,MZT1,6208.380952380952,0.00025307039454104294,A>D,139.07457490962645,-0.5,-3.4681818181818174,32.18181818181818,"gene-enriched(MZT1,ACVRL1,PTEN) + sub(A>D,A>P,A>E) + hydrophobicity-change"
9056,5,1.0,5,0.446,CPSF3,7243.388888888889,0.00019172220164350034,P>T,607.4208675263775,0.2,0.6400000000000002,6.0,"gene-enriched(CPSF3,GRHL1,TBC1D23) + sub(P>T)"
9165,4,1.0,4,0.57,SDS,10865.166666666666,0.000138043161293222,A>V,104.13722267871816,-0.25,0.4750000000000003,43.75,"gene-enriched(SDS,AUH,SLC4A11) + sub(A>V) + volume-change"
9320,5,1.0,5,0.573,PRKG2,8148.84375,0.00017255130484382296,V>G,inf,0.0,-4.6000000000000005,-80.0,"gene-enriched(PRKG2,PCCB,GCDH) + sub(V>G) + hydrophobicity-change + volume-change"
9324,8,0.8571428571428571,7,0.452,EIF2B2,3219.0246913580245,3.3419551682783145e-07,M>I,772.0763977806231,0.0,2.7249999999999996,15.25,"gene-enriched(EIF2B2,GTF2H3,IZUMO1) + sub(M>I) + hydrophobicity-change"
9346,73,0.9743589743589743,63,0.568,ALPL,40.03013877676546,4.5077000030469165e-06,G>V,6.38689780909119,0.14383561643835616,0.3095890410958905,7.7534246575342465,"gene-enriched(ALPL,ALDH7A1,PMM2) + sub(G>V,G>R,G>S)"
9483,4,1.0,2,0.569,CHRNB2,15962.632653061224,2.990504394664474e-11,V>L,271.20820189274446,0.0,-0.8750000000000003,25.25,"gene-enriched(CHRNB2,ITK) + sub(V>L)"
9517,451,0.902834008097166,367,0.207,HBA1,32.801335980086336,9.7354798901072e-06,A>D,58.03558241020477,-0.4246119733924612,-3.2082039911308207,0.8824833702882483,"gene-enriched(HBA1,MEN1,KCNQ2) + sub(A>D,A>E,V>E) + hydrophobicity-change + strongly-DNA-driven"
9563,782,0.9139240506329114,604,0.15,PGM1,30.375087637298435,1.4059184704236483e-05,P>L,12.83293038458497,0.2966751918158568,0.797442455242967,44.85933503836317,"gene-enriched(PGM1,ETFDH,SEC63) + sub(P>L,G>R,G>S) + volume-change + strongly-DNA-driven"
9807,4,1.0,4,0.515,KRTAP10-8,7243.333333333333,0.0001993910896650012,,0.0,0.0,-1.8250000000000002,-108.75,"gene-enriched(KRTAP10-8,RAB27A,INS) + volume-change"
10425,56,0.9166666666666666,52,0.587,GALNS,89.92959042797975,6.973527557553772e-06,F>S,653.8947633434038,-0.044642857142857144,-2.9678571428571425,-76.0,"gene-enriched(GALNS,ZC3HAV1L,UBE2U) + sub(F>S,F>Y,F>I) + hydrophobicity-change + volume-change"
10491,198,0.9448818897637795,175,0.572,SLC26A4,22.327488590742202,4.379831103612556e-06,S>L,88.75449364313897,0.020202020202020204,3.493939393939395,80.12626262626263,"gene-enriched(SLC26A4,AMT,OCA2) + sub(S>L,S>F,S>I) + hydrophobicity-change + volume-change"
10750,4,1.0,4,0.562,GABRB1,3219.074074074074,0.00042942067845592807,T>I,inf,0.0,5.2,50.0,"gene-enriched(GABRB1,GABRA2,GABRB3) + sub(T>I) + hydrophobicity-change + volume-change"
11025,600,0.9225352112676056,442,0.169,PTEN,12.031582847087154,2.508627088776e-08,F>S,36.78199791883455,0.24,1.2856666666666667,-27.411666666666665,"gene-enriched(PTEN,MBTPS2,DDX3X) + sub(F>S,Y>C,D>G) + strongly-DNA-driven"
11401,85,0.78125,82,0.385,AMH,112.14931153184165,0.0001715061779207017,Y>H,4018.7651109410863,0.45294117647058824,-1.9141176470588237,-42.90588235294118,"gene-enriched(AMH,HOXD4,GCDH) + sub(Y>H) + volume-change"
11571,37,0.967741935483871,32,0.651,TMEM127,206.87857142857143,5.2565167794232124e-05,M>L,inf,0.0,1.9000000000000004,3.0,"gene-enriched(TMEM127,SMAD3,NTRK1) + sub(M>L) + strongly-protein-driven"
11712,51,0.875,47,0.6,LDLR,31.841331307288858,9.548008647561056e-07,F>I,61.72370058673621,-0.14705882352941177,0.0039215686274510445,-24.96078431372549,"gene-enriched(LDLR,OTUB2,PLEK) + sub(F>I,F>C)"
11728,4,1.0,3,0.577,KRAS,2996.3793103448274,6.907122357932286e-07,P>L,115.19247620486479,0.0,3.575,45.25,"gene-enriched(KRAS,NRAS,RIT1) + sub(P>L) + hydrophobicity-change + volume-change"
11989,28,0.9285714285714286,28,0.568,PGA3,3219.074074074074,0.0004294206784559282,S>F,37.75566358774915,-0.21428571428571427,1.8499999999999999,39.714285714285715,"gene-enriched(PGA3,TMEM140,TRH) + sub(S>F,N>D,G>V)"
11999,173,0.9101123595505618,155,0.317,GAN,83.59828877005347,8.618669148627023e-06,C>Y,17.64418446160836,-0.315028901734104,-1.8421965317919078,29.45086705202312,"gene-enriched(GAN,MSX2,SLC25A38) + sub(C>Y,G>D,L>H) + strongly-DNA-driven"
12019,4,1.0,4,0.524,EIF2B1,5112.843137254902,0.00027607203015017753,N>Y,inf,0.0,2.2,80.0,"gene-enriched(EIF2B1,LPAR6,SLC7A7) + sub(N>Y) + volume-change"
12051,54,0.9259259259259259,46,0.593,SOX9,163.09637046307884,1.2204047185647496e-06,R>G,9.747750266341264,-0.1574074074074074,1.622222222222222,-14.277777777777779,"gene-enriched(SOX9,SOX11,FLYWCH1) + sub(R>G,C>S,Y>C)"
12078,11,1.0,10,0.592,QDPR,1448.4722222222222,1.3914338394252696e-06,V>G,154.80768657828094,0.18181818181818182,-4.418181818181819,-66.9090909090909,"gene-enriched(QDPR,CIDEC,MVK) + sub(V>G,L>P) + hydrophobicity-change + volume-change"
12110,12,0.9090909090909091,8,0.596,FOXG1,664.7142857142857,1.6537491458215265e-10,F>L,273.8195329087049,0.0,1.1749999999999998,-24.0,"gene-enriched(FOXG1,PPIH,GCK) + sub(F>L,F>I)"
