assay,gene,n,rho_real,rho_shuffled,delta
A0A140D2T1_ZIKV_Sourisseau_2019,A0A140D2T1,2921,0.16383410846531987,0.11498485803716758,0.04884925042815229
A0A192B1T2_9HIV1_Haddox_2018,A0A192B1T2,3847,0.3616528410409271,0.26604227741900066,0.09561056362192644
A0A1I9GEU1_NEIME_Kennouche_2019,A0A1I9GEU1,804,-0.0075172671202961925,-0.022357005558059112,0.01483973843776292
A0A247D711_LISMN_Stadelmann_2021,A0A247D711,536,0.4056543177003906,0.33481685379616094,0.07083746390422968
A0A2Z5U3Z0_9INFA_Doud_2016,A0A2Z5U3Z0,3292,0.3820175739659921,0.34985128487039335,0.032166289095598766
A0A2Z5U3Z0_9INFA_Wu_2014,A0A2Z5U3Z0,2347,0.07956464179653619,0.06457789695785383,0.014986744838682356
A4D664_9INFA_Soh_2019,A4D664,4410,0.20986456164396103,0.12489273613556755,0.08497182550839348
A4GRB6_PSEAI_Chen_2020,A4GRB6,1561,0.7194007870953879,0.6402985454340041,0.0791022416613838
A4_HUMAN_Seuma_2022,A4,168,0.17152024446142095,0.132438884644767,0.03908135981665395
AACC1_PSEAI_Dandage_2018,AACC1,872,0.31211025629741995,0.35346250540370533,-0.04135224910628538
ACE2_HUMAN_Chan_2020,ACE2,708,0.412358477602709,0.34882830085706923,0.06353017674563977
ADRB2_HUMAN_Jones_2020,ADRB2,2448,0.26567308774542314,0.19574028232458918,0.06993280542083397
AICDA_HUMAN_Gajula_2014_3cycles,AICDA,67,0.026200454950645817,0.013472756308125677,0.01272769864252014
AMFR_HUMAN_Tsuboyama_2023_4G3O,AMFR,277,0.7902475886686414,0.7498321561479457,0.04041543252069568
AMIE_PSEAE_Wrenbeck_2017,AMIE,2035,0.4847108723064342,0.43279179863720846,0.05191907366922577
ANCSZ_Hobbs_2022,ANCSZ,1530,0.5182883055502331,0.46533056497015435,0.05295774058007874
ARGR_ECOLI_Tsuboyama_2023_1AOY,ARGR,436,0.777982704967919,0.7405020261088308,0.037480678859088234
B2L11_HUMAN_Dutta_2010_binding-Mcl-1,B2L11,55,0.7018181818181819,0.5636363636363637,0.13818181818181818
BBC1_YEAST_Tsuboyama_2023_1TG0,BBC1,356,0.7258245362586477,0.6152997436674843,0.11052479259116343
BCHB_CHLTE_Tsuboyama_2023_2KRU,BCHB,294,0.7781192900427576,0.6848675751330402,0.0932517149097174
BLAT_ECOLX_Deng_2012,BLAT,1546,0.585842024272907,0.47589024898271204,0.10995177529019495
BLAT_ECOLX_Firnberg_2014,BLAT,1540,0.7579786869415057,0.7029865083469113,0.054992178594594376
BLAT_ECOLX_Jacquier_2013,BLAT,989,0.6348528980390328,0.5908869032553337,0.043965994783699114
BLAT_ECOLX_Stiffler_2015,BLAT,1546,0.7637766167276359,0.6930354995897282,0.07074111713790765
BRCA1_HUMAN_Findlay_2018,BRCA1,1837,0.36255998370702663,0.10122996806884799,0.26133001563817865
BRCA2_HUMAN_Erwood_2022_HEK293T,BRCA2,257,0.4399764364381456,0.02901698966959788,0.41095944676854773
C6KNH7_9INFA_Lee_2018,C6KNH7,3355,0.369468118742036,0.28881948306159216,0.08064863568044384
CALM1_HUMAN_Weile_2017,CALM1,837,0.23314978573340445,0.16593372746913673,0.06721605826426771
CAPSD_AAV2S_Sinai_2021,CAPSD,167,0.5424274255156608,0.41920741023682195,0.12322001527883886
CAR11_HUMAN_Meitlis_2020_gof,CAR11,793,0.33684033382063683,0.23500801312524816,0.10183232069538867
CAR11_HUMAN_Meitlis_2020_lof,CAR11,801,0.47943334375040686,0.38792920513388107,0.09150413861652579
CAS9_STRP1_Spencer_2017_positive,CAS9,6991,0.03392124763652173,0.0440492513899969,-0.010128003753475168
CASP3_HUMAN_Roychowdhury_2020,CASP3,587,0.4862682887298696,0.43639418991981993,0.04987409881004967
CASP7_HUMAN_Roychowdhury_2020,CASP7,633,0.4539268466441695,0.4855093644544432,-0.031582517810273714
CATR_CHLRE_Tsuboyama_2023_2AMI,CATR,468,0.7469979849507389,0.7318407624205092,0.015157222530229664
CBPA2_HUMAN_Tsuboyama_2023_1O6X,CBPA2,461,0.7847300919068397,0.7043456617984385,0.08038443010840124
CBS_HUMAN_Sun_2020,CBS,2196,0.1952923170539065,0.14405074866041084,0.05124156839349567
CBX4_HUMAN_Tsuboyama_2023_2K28,CBX4,309,0.7336113419455567,0.7412142731233159,-0.007602931177759231
CCDB_ECOLI_Adkar_2012,CCDB,386,0.7761833795963288,0.6850209176267372,0.09116246196959155
CCDB_ECOLI_Tripathi_2016,CCDB,533,0.39826383749356,0.40535697097232604,-0.007093133478766056
CCR5_HUMAN_Gill_2023,CCR5,1908,0.2263573225783421,0.17691841586025764,0.04943890671808446
CD19_HUMAN_Klesmith_2019_FMC_singles,CD19,1493,0.29667128039664165,0.21059529111147138,0.08607598928517027
CP2C9_HUMAN_Amorosi_2021_abundance,CP2C9,2174,0.5393716396520245,0.4790062316976093,0.060365407954415196
CP2C9_HUMAN_Amorosi_2021_activity,CP2C9,2044,0.6074394049132165,0.5070535596153167,0.10038584529789973
CSN4_MOUSE_Tsuboyama_2023_1UFM,CSN4,432,0.7157189661604964,0.5625449313646869,0.1531740347958095
CUE1_YEAST_Tsuboyama_2023_2MYX,CUE1,291,0.7935513242486697,0.6690781014488296,0.12447322279984008
D7PM05_CLYGR_Somermeyer_2022,D7PM05,1012,0.42155741971738225,0.367356390605655,0.05420102911172725
DLG4_HUMAN_Faure_2021,DLG4,463,0.6726169297862175,0.6158201948449926,0.056796734941224836
DLG4_RAT_McLaughlin_2012,DLG4,553,0.4990752750844495,0.46417487545927916,0.03490039962517033
DN7A_SACS2_Tsuboyama_2023_1JIC,DN7A,328,0.7469512576975263,0.7390143252270119,0.007936932470514413
DNJA1_HUMAN_Tsuboyama_2023_2LO1,DNJA1,379,0.7608644953908112,0.7020182150708466,0.05884628031996464
DOCK1_MOUSE_Tsuboyama_2023_2M0Y,DOCK1,370,0.6875942243613474,0.6536808589411327,0.033913365420214725
DYR_ECOLI_Nguyen_2023,DYR,935,0.46410453046548383,0.4068875855050983,0.05721694496038554
DYR_ECOLI_Thompson_2019,DYR,636,0.43466441694788144,0.3323768758556343,0.10228754109224714
ENVZ_ECOLI_Ghose_2023,ENVZ,372,0.24833477034146548,0.2375046668298745,0.010830103511590972
ENV_HV1B9_DuenasDecamp_2016,ENV,113,0.129349461443876,0.11981449755207092,0.009534963891805068
ENV_HV1BR_Haddox_2016,ENV,3939,0.1205177108092221,0.09040550996535558,0.030112200843866524
EPHB2_HUMAN_Tsuboyama_2023_1F0M,EPHB2,411,0.8332591690805031,0.7807488568287864,0.05251031225171676
ERBB2_HUMAN_Elazar_2016,ERBB2,109,0.5536194240542066,0.48808582721626204,0.06553359683794457
ESTA_BACSU_Nutschel_2020,ESTA,726,0.39142374942185443,0.3297324758838326,0.06169127353802184
F7YBW8_MESOW_Ding_2023,F7YBW8,51,0.3915151515151515,0.4084848484848484,-0.016969696969696912
FECA_ECOLI_Tsuboyama_2023_2D1U,FECA,411,0.7625294830114108,0.7245612725777286,0.03796821043368215
FKBP3_HUMAN_Tsuboyama_2023_2KFV,FKBP3,430,0.6994160101891598,0.6521345346478608,0.04728147554129902
GAL4_YEAST_Kitzman_2015,GAL4,369,0.6589389813260624,0.5405310433641053,0.11840793796195714
GDIA_HUMAN_Silverstein_2021,GDIA,1153,0.3556110106843759,0.31535204687369284,0.04025896381068306
GFP_AEQVI_Sarkisyan_2016,GFP,909,0.2587986144283068,0.20062687273700988,0.058171741691296935
GLPA_HUMAN_Elazar_2016,GLPA,79,0.3510924369747899,0.10672268907563025,0.24436974789915966
GRB2_HUMAN_Faure_2021,GRB2,316,0.7501066406711568,0.6919712276970342,0.05813541297412261
HCP_LAMBD_Tsuboyama_2023_2L6Q,HCP,310,0.7921281257082422,0.7786406789050894,0.013487446803152836
HECD1_HUMAN_Tsuboyama_2023_3DKM,HECD1,386,0.7869502249915307,0.7100802595139702,0.07686996547756042
HEM3_HUMAN_Loggerenberg_2023,HEM3,1854,0.2703436336016566,0.22700282966054278,0.04334080394111381
HIS7_YEAST_Pokusaeva_2019,HIS7,78,0.11521008403361344,0.1519747899159664,-0.03676470588235298
HMDH_HUMAN_Jiang_2019,HMDH,5204,0.29661657906408534,0.22984137224742368,0.06677520681666166
HSP82_YEAST_Cote-Hammarlof_2020_growth-H2O2,HSP82,714,0.38261948569859866,0.2828954932790713,0.09972399241952734
HSP82_YEAST_Flynn_2019,HSP82,4189,0.26955859473938937,0.1347900551585146,0.13476853958087476
HSP82_YEAST_Mishra_2016,HSP82,1361,0.43499363651056805,0.4068791494503161,0.028114487060251936
HXK4_HUMAN_Gersing_2022_activity,HXK4,2615,0.3048136849940887,0.20415739541669325,0.10065628957739542
HXK4_HUMAN_Gersing_2023_abundance,HXK4,2598,0.3274958133265301,0.17922118727816977,0.14827462604836034
I6TAH8_I68A0_Doud_2015,I6TAH8,2916,0.2941784436498433,0.17093996363257982,0.12323848001726348
IF1_ECOLI_Kelsic_2016,IF1,431,0.5164588834318512,0.2799787340654447,0.2364801493664065
ILF3_HUMAN_Tsuboyama_2023_2L33,ILF3,461,0.5429956901145465,0.5576464149380504,-0.014650724823503936
ISDH_STAAW_Tsuboyama_2023_2LHR,ISDH,326,0.6887647427199666,0.6017888268447971,0.08697591587516951
KCNE1_HUMAN_Muhammad_2023_expression,KCNE1,746,0.44394595315347346,0.23008073632101364,0.21386521683245982
KCNE1_HUMAN_Muhammad_2023_function,KCNE1,745,0.568645020859786,0.4773727553056412,0.09127226555414475
KCNH2_HUMAN_Kozek_2020,KCNH2,62,0.6691308691308693,0.5884115884115885,0.0807192807192808
KCNJ2_MOUSE_Coyote-Maestas_2022_function,KCNJ2,2219,0.14874519921750914,0.12663464288585322,0.02211055633165593
KCNJ2_MOUSE_Coyote-Maestas_2022_surface,KCNJ2,2223,0.2758762913446059,0.19370107814931253,0.08217521319529336
KKA2_KLEPN_Melnikov_2014,KKA2,1561,0.4697982044316446,0.4746120328601483,-0.004813828428503697
LGK_LIPST_Klesmith_2015,LGK,2592,0.4694375233542968,0.37984702807193993,0.08959049528235685
LYAM1_HUMAN_Elazar_2016,LYAM1,133,0.5685128205128206,0.5044346764346763,0.06407814407814427
MAFG_MOUSE_Tsuboyama_2023_1K1V,MAFG,257,0.681290531887646,0.7008226756595235,-0.019532143771877508
MBD11_ARATH_Tsuboyama_2023_6ACV,MBD11,384,0.7955278405804721,0.7478462590041537,0.04768158157631841
MET_HUMAN_Estevam_2023,MET,1670,0.4778699478815665,0.436971865063741,0.040898082817825476
MK01_HUMAN_Brenan_2016,MK01,2153,0.433861107536983,0.2459381174411121,0.18792299009587088
MLAC_ECOLI_MacRae_2023,MLAC,1251,0.4589630133510708,0.30521360072433595,0.15374941262673486
MSH2_HUMAN_Jia_2020,MSH2,5212,0.2137725630584512,0.13339643672450613,0.08037612633394506
MTH3_HAEAE_RockahShmuel_2015,MTH3,1740,0.5109869775821035,0.42349779822933387,0.08748917935276967
MTHR_HUMAN_Weile_2021,MTHR,3880,0.2924470555726553,0.18879391489839464,0.10365314067426068
MYO3_YEAST_Tsuboyama_2023_2BTT,MYO3,321,0.7229562104562104,0.6964156676656675,0.026540542790542854
NCAP_I34A1_Doud_2015,NCAP,2910,0.24025257873484857,0.20309001689821607,0.037162561836632496
NKX31_HUMAN_Tsuboyama_2023_2L9R,NKX31,353,0.7152850435949027,0.6209389671361503,0.09434607645875248
NPC1_HUMAN_Erwood_2022_HEK293T,NPC1,631,0.6240723378327708,0.45854742219722533,0.1655249156355455
NPC1_HUMAN_Erwood_2022_RPE1,NPC1,63,0.6635364635364637,0.5436563436563437,0.11988011988011993
NRAM_I33A0_Jiang_2016,NRAM,293,0.536626165061983,0.5285336368390292,0.00809252822295381
NUD15_HUMAN_Suiter_2020,NUD15,870,0.6593347190979242,0.5667512172897861,0.09258350180813812
NUSA_ECOLI_Tsuboyama_2023_1WCL,NUSA,451,0.8238207257650345,0.8043743457324307,0.019446380032603794
NUSG_MYCTU_Tsuboyama_2023_2MI6,NUSG,358,0.7993352810929505,0.7783822570123939,0.020953024080556548
OBSCN_HUMAN_Tsuboyama_2023_1V1C,OBSCN,413,0.8080873241319905,0.7039293060744722,0.10415801805751823
ODP2_GEOSE_Tsuboyama_2023_1W4G,ODP2,217,0.7208577469042585,0.6685251182925601,0.052332628611698406
OPSD_HUMAN_Wan_2019,OPSD,162,0.4446825944454028,0.3797416767293428,0.06494091771606003
OTC_HUMAN_Lo_2023,OTC,1570,0.6140320963724403,0.5005749058134409,0.11345719055899939
OTU7A_HUMAN_Tsuboyama_2023_2L2D,OTU7A,218,0.5930232558139534,0.6096405919661734,-0.01661733615221994
OXDA_RHOTO_Vanella_2023_activity,OXDA,2201,0.2621749597301367,0.24662184780884652,0.015553111921290191
OXDA_RHOTO_Vanella_2023_expression,OXDA,2305,0.3025580361353256,0.2799814313763197,0.022576604759005914
P53_HUMAN_Giacomelli_2018_Null_Etoposide,P53,2320,0.500049301930268,0.3921144924646295,0.10793480946563849
P53_HUMAN_Giacomelli_2018_Null_Nutlin,P53,2320,0.46524511276027836,0.34791892599648755,0.11732618676379081
P53_HUMAN_Giacomelli_2018_WT_Nutlin,P53,2320,0.7116272460160917,0.5577730235418764,0.15385422247421532
P53_HUMAN_Kotler_2018,P53,973,0.6265233151397656,0.5294921015251888,0.09703121361457678
P84126_THETH_Chan_2017,P84126,461,0.7105849776733963,0.5806516541558766,0.12993332351751974
PABP_YEAST_Melamed_2013,PABP,458,0.7609505314694656,0.6665727540341846,0.09437777743528097
PAI1_HUMAN_Huttinger_2021,PAI1,2234,0.6320730283698095,0.5646134376325002,0.06745959073730934
PA_I34A1_Wu_2015,PA,1584,0.15433877593970532,0.1847906388074506,-0.03045186286774529
PHOT_CHLRE_Chen_2023,PHOT,738,0.6468556720661425,0.5665320300947247,0.08032364197141773
PIN1_HUMAN_Tsuboyama_2023_1I6C,PIN1,238,0.7927627480224281,0.7722389510845966,0.020523796937831462
PITX2_HUMAN_Tsuboyama_2023_2L7M,PITX2,303,0.753686418270308,0.6987924961234752,0.05489392214683286
PKN1_HUMAN_Tsuboyama_2023_1URF,PKN1,430,0.6517043256757394,0.6236237558375395,0.028080569838199954
POLG_CXB3N_Mattenberger_2021,POLG,4517,0.32966190507835663,0.23329536884225016,0.09636653623610647
POLG_DEN26_Suphatrakul_2023,POLG,5609,0.3504454172233981,0.2745750415569189,0.0758703756664792
POLG_HCVJF_Qi_2014,POLG,509,0.44954517948959116,0.060524558300800814,0.3890206211887903
POLG_PESV_Tsuboyama_2023_2MXD,POLG,341,0.660851569699911,0.6031545596824064,0.0576970100175046
PPARG_HUMAN_Majithia_2016,PPARG,3016,0.7244237744972861,0.5876099257346278,0.13681384876265834
PPM1D_HUMAN_Miller_2022,PPM1D,2442,0.4073399934905182,0.37126216924589883,0.03607782424461936
PR40A_HUMAN_Tsuboyama_2023_1UZC,PR40A,388,0.7997191349623061,0.7742218474397022,0.02549728752260383
PRKN_HUMAN_Clausen_2023,PRKN,2712,0.5589647263459948,0.3960155933423045,0.1629491330036903
PSAE_PICP2_Tsuboyama_2023_1PSE,PSAE,428,0.7352323896679762,0.6752802355906276,0.05995215407734866
PTEN_HUMAN_Matreyek_2021,PTEN,1661,0.39262162177556686,0.2804186841409494,0.11220293763461747
PTEN_HUMAN_Mighell_2018,PTEN,2295,0.3124709802215664,0.25001800727526285,0.06245297294630353
Q2N0S5_9HIV1_Haddox_2018,Q2N0S5,3890,0.36638985251569445,0.2693272394662682,0.09706261304942626
Q53Z42_HUMAN_McShan_2019_binding-TAPBPR,Q53Z42,1057,0.48511577071124073,0.3801836353770785,0.10493213533416224
Q53Z42_HUMAN_McShan_2019_expression,Q53Z42,1057,0.5026212762007851,0.3504646981230924,0.15215657807769273
Q59976_STRSQ_Romero_2015,Q59976,2801,0.49243633946985926,0.41245990663926324,0.07997643283059602
Q6WV12_9MAXI_Somermeyer_2022,Q6WV12,951,0.3408585818822799,0.16701826009176518,0.17384032179051473
Q837P4_ENTFA_Meier_2023,Q837P4,207,0.593199092456041,0.5489320152337737,0.044267077222267304
Q837P5_ENTFA_Meier_2023,Q837P5,230,0.6630527289546715,0.5053715695343817,0.15768115942028982
Q8WTC7_9CNID_Somermeyer_2022,Q8WTC7,1032,0.29245104250730786,0.18403742604007198,0.10841361646723588
R1AB_SARS2_Flynn_2022,R1AB,1989,0.4253584797930876,0.326341263009624,0.09901721678346359
RAD_ANTMA_Tsuboyama_2023_2CJJ,RAD,250,0.5526914765906363,0.5533637454981992,-0.0006722689075628896
RAF1_HUMAN_Zinkus-Boltz_2019,RAF1,198,0.30382602609268494,0.23189140685997178,0.07193461923271316
RASH_HUMAN_Bandaru_2017,RASH,973,0.5734096792887913,0.5085226783411403,0.06488700094765099
RASK_HUMAN_Weng_2022_abundance,RASK,921,0.4662535443727819,0.3765374794701352,0.08971606490264666
RASK_HUMAN_Weng_2022_binding-DARPin_K55,RASK,935,0.5270631544562668,0.46795224235573063,0.059110912100536206
RBP1_HUMAN_Tsuboyama_2023_2KWH,RBP1,335,0.7766461808604039,0.7846117008540189,-0.007965519993614945
RCD1_ARATH_Tsuboyama_2023_5OAO,RCD1,314,0.6930463221777342,0.6306594835184207,0.06238683865931349
RCRO_LAMBD_Tsuboyama_2023_1ORC,RCRO,414,0.7740443772768193,0.7702369680036445,0.0038074092731748
RD23A_HUMAN_Tsuboyama_2023_1IFY,RD23A,275,0.7332323232323235,0.6643145743145744,0.06891774891774904
RDRP_I33A0_Li_2023,RDRP,2868,0.25778927658656375,0.1943540869283396,0.06343518965822414
REV_HV1H2_Fernandes_2016,REV,645,0.32257379248658324,0.22152839892665482,0.10104539355992842
RFAH_ECOLI_Tsuboyama_2023_2LCL,RFAH,333,0.6515514160992653,0.6141369254099721,0.037414490689293145
RL20_AQUAE_Tsuboyama_2023_1GYZ,RL20,372,0.609306027007541,0.6536623862507063,-0.04435635924316528
RL40A_YEAST_Mavor_2016,RL40A,409,0.4792906171941911,0.5029599086082662,-0.023669291414075144
RL40A_YEAST_Roscoe_2013,RL40A,398,0.6070453316022937,0.5904253669443543,0.016619964657939357
RL40A_YEAST_Roscoe_2014,RL40A,438,0.46344304983646145,0.46708074864864646,-0.0036376988121850085
RNC_ECOLI_Weeks_2023,RNC,1333,0.5075756239944405,0.40907845650628394,0.09849716748815651
RPC1_BP434_Tsuboyama_2023_1R69,RPC1,371,0.8371057892788244,0.8300856992536876,0.007020090025136816
RPC1_LAMBD_Li_2019_high-expression,RPC1,343,0.5439473440252155,0.3832876174480175,0.16065972657719801
RPC1_LAMBD_Li_2019_low-expression,RPC1,343,0.6490053932020571,0.5448270521706411,0.10417834103141599
RS15_GEOSE_Tsuboyama_2023_1A32,RS15,376,0.7459051560104191,0.6247974727974728,0.1211076832129463
S22A1_HUMAN_Yee_2023_abundance,S22A1,3129,0.4989264494174062,0.4059068634005981,0.0930195860168081
S22A1_HUMAN_Yee_2023_activity,S22A1,3209,0.43747956934672505,0.3611388765618792,0.07634069278484584
SAV1_MOUSE_Tsuboyama_2023_2YSB,SAV1,234,0.6970659882824546,0.7371800801726797,-0.04011409189022508
SBI_STAAM_Tsuboyama_2023_2JVG,SBI,352,0.6945257049543638,0.6895302248272241,0.004995480127139684
SC6A4_HUMAN_Young_2021,SC6A4,3592,0.23917254612465735,0.13620726782602585,0.1029652782986315
SCIN_STAAR_Tsuboyama_2023_2QFF,SCIN,401,0.7755160486204018,0.7233241283889633,0.05219192023143848
SCN5A_HUMAN_Glazer_2019,SCN5A,67,-0.08923076923076922,0.11010989010989011,-0.19934065934065934
SDA_BACSU_Tsuboyama_2023_1PV0,SDA,258,0.6704956885511824,0.5464448049176129,0.12405088363356942
SERC_HUMAN_Xie_2023,SERC,1913,0.44898263735019406,0.37829843584490325,0.07068420150529081
SHOC2_HUMAN_Kwon_2022,SHOC2,3243,0.2548448063703873,0.21983312485688514,0.035011681513502174
SOX30_HUMAN_Tsuboyama_2023_7JJK,SOX30,341,0.7008725099384334,0.6338995195742151,0.06697299036421833
SPA_STAAU_Tsuboyama_2023_1LP1,SPA,326,0.6989681400688863,0.5595685471245174,0.13939959294436888
SPG1_STRSG_Olson_2014,SPG1,328,0.7013679914415395,0.6512454168819051,0.050122574559634425
SPG2_STRSG_Tsuboyama_2023_5UBS,SPG2,323,0.7273384948384949,0.6758645521145521,0.05147394272394279
SPIKE_SARS2_Starr_2020_binding,SPIKE,1190,0.43794884437045134,0.32882853729272205,0.1091203070777293
SPIKE_SARS2_Starr_2020_expression,SPIKE,1190,0.5022378918616975,0.3305834023424925,0.17165448951920503
SPTN1_CHICK_Tsuboyama_2023_1TUD,SPTN1,324,0.6673318348318349,0.6058016983016982,0.061530136530136725
SQSTM_MOUSE_Tsuboyama_2023_2RRU,SQSTM,246,0.7716986794717886,0.7642785114045617,0.0074201680672268955
SR43C_ARATH_Tsuboyama_2023_2N88,SR43C,309,0.7461403641308454,0.6987207574727405,0.04741960665810485
SRBS1_HUMAN_Tsuboyama_2023_2O2W,SRBS1,381,0.746331983805668,0.6185955097534045,0.12773647405226352
SRC_HUMAN_Ahler_2019,SRC,1083,0.5662058404509385,0.4521841644334194,0.11402167601751906
SRC_HUMAN_Chakraborty_2023_binding-DAS_25uM,SRC,1155,0.4642825989602602,0.4073333044225566,0.05694929453770359
SRC_HUMAN_Nguyen_2022,SRC,1081,0.44556695858106077,0.35919412574856247,0.0863728328324983
SUMO1_HUMAN_Weile_2017,SUMO1,564,0.5850791622682634,0.4790152102331889,0.10606395203507452
SYUA_HUMAN_Newberry_2020,SYUA,763,0.44939271630576244,0.4926875614151361,-0.04329484510937365
TADBP_HUMAN_Bolognesi_2019,TADBP,502,0.7099578193113427,0.6954178006035897,0.01454001870775301
TAT_HV1BR_Fernandes_2016,TAT,481,0.25220971242539336,0.2760651998183973,-0.023855487393003916
TCRG1_MOUSE_Tsuboyama_2023_1E0L,TCRG1,191,0.7023788160630267,0.6527377174745597,0.04964109858846699
THO1_YEAST_Tsuboyama_2023_2WQG,THO1,215,0.6543038356991845,0.5790999697976442,0.07520386590154027
TNKS2_HUMAN_Tsuboyama_2023_5JRT,TNKS2,375,0.8111635846372689,0.7822987197724041,0.028864864864864836
TPK1_HUMAN_Weile_2017,TPK1,959,0.2017278646967363,0.1747263212863562,0.02700154341038008
TPMT_HUMAN_Matreyek_2018,TPMT,1126,0.35619665250217675,0.39818898270001546,-0.04199233019783871
TPOR_HUMAN_Bridgford_2020,TPOR,172,0.36128342245989303,0.24645785586962057,0.11482556659027246
TRPC_SACS2_Chan_2017,TRPC,463,0.7161952070191155,0.6508360876090874,0.06535911941002814
TRPC_THEMA_Chan_2017,TRPC,479,0.5767273236282194,0.44736388981886616,0.12936343380935328
UBC9_HUMAN_Weile_2017,UBC9,885,0.5671923962535276,0.4360701857654819,0.13112221048804568
UBE4B_HUMAN_Tsuboyama_2023_3L1X,UBE4B,344,0.7744966435633307,0.7076966282944067,0.06680001526892398
UBE4B_MOUSE_Starita_2013,UBE4B,558,0.36719814746363416,-0.03805826916446385,0.405256416628098
UBR5_HUMAN_Tsuboyama_2023_1I2T,UBR5,337,0.684212626706042,0.6050370097894624,0.0791756169165796
VG08_BPP22_Tsuboyama_2023_2GP8,VG08,261,0.8255395239856949,0.7180948044433062,0.10744471954238866
VILI_CHICK_Tsuboyama_2023_1YU5,VILI,418,0.8020412043747855,0.6800769464412271,0.12196425793355847
VKOR1_HUMAN_Chiasson_2020_abundance,VKOR1,869,0.6231715582302563,0.5290884693040341,0.09408308892622219
VKOR1_HUMAN_Chiasson_2020_activity,VKOR1,254,0.3522415364775869,0.31434090339678733,0.03790063308079955
VRPI_BPT7_Tsuboyama_2023_2WNM,VRPI,349,0.8180106727320444,0.7840284674800723,0.03398220525197215
YAIA_ECOLI_Tsuboyama_2023_2KVT,YAIA,309,0.6478351086600689,0.6641268162473873,-0.01629170758731846
YAP1_HUMAN_Araya_2012,YAP1,167,0.7304029793735676,0.6956894576012222,0.034713521772345324
YNZC_BACSU_Tsuboyama_2023_2JVD,YNZC,228,0.7578089871891907,0.6522737084069183,0.10553527878227231
