assay,gene,n_variants,raw_prot_frac,raw_dna_frac,raw_shared_frac,mass_pp,mass_dp,mass_sh,pfm_prot_frac,pfm_dna_frac,pfm_shared_frac,afn_prot_frac,afn_dna_frac,afn_shared_frac,n_active_pp,n_active_dp,n_active_sh
A0A140D2T1_ZIKV_Sourisseau_2019,A0A140D2T1,2921,0.6416386961936951,0.34644123911857605,0.011920111253857613,226141.0625,122100.7890625,4201.15966796875,0.8462324579084735,0.12112991519589883,0.03263762686804867,0.8228708589260145,0.14179604769695678,0.035333093350283985,735,2303,318
A0A192B1T2_9HIV1_Haddox_2018,A0A192B1T2,3847,0.6411316990852356,0.33218950033187866,0.02667885832488537,341400.0625,176889.578125,14206.3857421875,0.8171607194161066,0.11224547029349642,0.07059381027275655,0.8112285246290943,0.11556483204964967,0.07320664330383848,733,2666,338
A0A1I9GEU1_NEIME_Kennouche_2019,A0A1I9GEU1,804,0.5233451724052429,0.45896703004837036,0.017687765881419182,60912.52734375,53419.5078125,2058.69189453125,0.7676589632127028,0.17847783123349648,0.05386320546091935,0.7320478048710317,0.19906640311496673,0.06888579193336072,671,2164,241
A0A247D711_LISMN_Stadelmann_2021,A0A247D711,536,0.6530384421348572,0.3377531170845032,0.00920850783586502,50630.38671875,26186.162109375,713.9400634765625,0.85734691747758,0.11755467095588304,0.025098411441737634,0.772846927878878,0.18272839128093038,0.04442468074249905,640,1400,157
A0A2Z5U3Z0_9INFA_Doud_2016,A0A2Z5U3Z0,3292,0.6563979387283325,0.32520440220832825,0.01839764229953289,272328.625,134921.90625,7632.87646484375,0.8406663403902621,0.11041689393405821,0.04891676565292871,0.815727362209873,0.1312613874761948,0.053011250291916175,735,2263,317
A0A2Z5U3Z0_9INFA_Wu_2014,A0A2Z5U3Z0,2347,0.6601888537406921,0.3213041126728058,0.018506959080696106,193937.328125,94386.4140625,5436.611328125,0.8423025885949429,0.1086773164527235,0.049020094920324477,0.8035025377502799,0.13975767967933328,0.056739782540225076,728,2037,289
A4D664_9INFA_Soh_2019,A4D664,4410,0.6956333518028259,0.297313392162323,0.007053263485431671,411150.25,175725.453125,4168.79248046875,0.8815567973596942,0.099886570789509,0.018556631834994734,0.8717080520260513,0.10866557167411452,0.019626376284251026,735,2520,331
A4GRB6_PSEAI_Chen_2020,A4GRB6,1561,0.5754508972167969,0.411874920129776,0.012674159370362759,122723.8203125,87838.7109375,2702.9609375,0.8094061168957838,0.1535841016266435,0.03700978142896508,0.7911519894027697,0.1681710024750666,0.04067700807581262,719,2421,308
A4_HUMAN_Seuma_2022,A4,168,0.5362905263900757,0.4339773952960968,0.029732132330536842,11904.5,9633.3681640625,659.9896240234375,0.7520899984538401,0.16134648338024288,0.08656351770030288,0.6326301915986695,0.2280694948127394,0.13930031336486293,421,945,106
AACC1_PSEAI_Dandage_2018,AACC1,872,0.6028392314910889,0.38193246722221375,0.01522828359156847,74809.1171875,47395.7734375,1889.7484130859375,0.8194008772131386,0.13762717693965568,0.04297194576648046,0.7888311457992837,0.158412952550126,0.05275590157772725,691,2180,261
ACE2_HUMAN_Chan_2020,ACE2,708,0.575349748134613,0.405038058757782,0.019612226635217667,54085.61328125,38075.50390625,1843.6427001953125,0.7952920280705346,0.14842710683261853,0.056280864988476044,0.7742655490167373,0.15934014463583443,0.06639430625523617,644,2203,256
ADRB2_HUMAN_Jones_2020,ADRB2,2448,0.5706191062927246,0.4039584994316101,0.025422463193535805,200495.140625,141936.5625,8932.5439453125,0.7811455026300097,0.1466037436515566,0.07225075368971945,0.7771863472433228,0.14957116984562932,0.07324248288259559,734,2700,347
AICDA_HUMAN_Gajula_2014_3cycles,AICDA,67,0.5292932987213135,0.44238266348838806,0.028324022889137268,4284.3486328125,3580.85302734375,229.2679443359375,0.7503718135759523,0.16626502293406611,0.08336316219918088,0.577563761841922,0.25578022489561775,0.16665601289173856,275,519,51
AMFR_HUMAN_Tsuboyama_2023_4G3O,AMFR,277,0.6671435236930847,0.32211583852767944,0.01074056327342987,26145.0078125,12623.552734375,420.9170837402344,0.8610114440363157,0.1102108719782758,0.02877768374269862,0.7086781500380034,0.23235726792408945,0.05896458187961004,584,860,113
AMIE_PSEAE_Wrenbeck_2017,AMIE,2035,0.5148032903671265,0.47123798727989197,0.013958807103335857,167169.828125,153023.0625,4532.78271484375,0.7698436496713222,0.18682036535918176,0.0433359849355559,0.7566270923405131,0.19796289004996073,0.04541001757666666,726,2540,328
ANCSZ_Hobbs_2022,ANCSZ,1530,0.5337339043617249,0.44182536005973816,0.0244407057762146,119280.203125,98740.25,5462.07080078125,0.7607321178125294,0.16694764484745658,0.07232023729301039,0.7382712846710051,0.18566326332196667,0.07606545196246461,720,2370,320
ARGR_ECOLI_Tsuboyama_2023_1AOY,ARGR,436,0.647731363773346,0.3401685953140259,0.01210007257759571,39153.484375,20562.205078125,731.414306640625,0.8488901698615025,0.11818802233209211,0.03292180764661579,0.7643994271155969,0.1756618775107728,0.05993869524087281,680,1554,162
B2L11_HUMAN_Dutta_2010_binding-Mcl-1,B2L11,55,0.4915139973163605,0.4751247763633728,0.033361226320266724,3904.835693359375,3774.63134765625,265.0384521484375,0.7157278179411002,0.18341817456955842,0.10085400613847427,0.5655471149318957,0.23374799255101528,0.20070489225204563,183,428,35
BBC1_YEAST_Tsuboyama_2023_1TG0,BBC1,356,0.6200613975524902,0.36503103375434875,0.014907571487128735,30249.98046875,17808.20703125,727.2727661132812,0.8291996729511132,0.1294127039482016,0.041387622898661915,0.7433836257256158,0.184203937262124,0.07241243685793133,628,1492,155
BCHB_CHLTE_Tsuboyama_2023_2KRU,BCHB,294,0.5734100341796875,0.41412800550460815,0.012462034821510315,21124.66015625,15256.6455078125,459.1064758300781,0.8086784104390707,0.15483454604540878,0.03648704323338756,0.703786588706839,0.22825920181156303,0.06795420928769957,582,1296,131
BLAT_ECOLX_Deng_2012,BLAT,1546,0.5699186325073242,0.34700635075569153,0.08307503163814545,128613.8984375,78309.140625,18747.59375,0.6830434772808901,0.11025431514233303,0.20670220753763618,0.6525698134728525,0.12526839079251673,0.22216179569860628,710,2252,304
BLAT_ECOLX_Firnberg_2014,BLAT,1540,0.5700304508209229,0.3467662036418915,0.0832032784819603,128129.3125,77944.8046875,18702.12109375,0.6829201600918977,0.11013650802495052,0.20694333184387026,0.6524108414260633,0.12518223474900259,0.22240692378878216,710,2251,304
BLAT_ECOLX_Jacquier_2013,BLAT,989,0.5761132836341858,0.3406691551208496,0.08321758359670639,82559.0859375,48819.1015625,11925.3759765625,0.6865097021401101,0.10762031972515788,0.20586997807344765,0.6417225739807494,0.1313240541970151,0.22695337176875807,688,1988,281
BLAT_ECOLX_Stiffler_2015,BLAT,1546,0.5699186325073242,0.34700635075569153,0.08307503163814545,128613.8984375,78309.140625,18747.59375,0.6830434772808901,0.11025431514233303,0.20670220753763618,0.6525698134728525,0.12526839079251673,0.22216179569860628,710,2252,304
BRCA1_HUMAN_Findlay_2018,BRCA1,1837,0.24486592411994934,0.7284213900566101,0.026712624356150627,41051.76953125,122119.8359375,4478.37109375,0.49624948214168507,0.39136058867521023,0.11238992909401348,0.5234889754928138,0.3654103170595602,0.11110070736575872,642,2736,330
BRCA2_HUMAN_Erwood_2022_HEK293T,BRCA2,257,0.14709144830703735,0.8275459408760071,0.025362636893987656,3247.908935546875,18272.9453125,560.0294189453125,0.35094075331352853,0.5234331288882635,0.12562611700187,0.5986552494240214,0.28293990285357024,0.11840484743486873,156,1857,136
C6KNH7_9INFA_Lee_2018,C6KNH7,3355,0.6426268219947815,0.3408983647823334,0.01647481508553028,271738.875,144151.0625,6966.48095703125,0.8376214851802994,0.11779763606621774,0.04458087873076503,0.8180783056758364,0.13388085862109492,0.048040835681001426,733,2376,320
CALM1_HUMAN_Weile_2017,CALM1,837,0.5509793758392334,0.3939605951309204,0.05506008863449097,65956.90625,47160.42578125,6591.15966796875,0.7158092881342011,0.13568675682757458,0.14850395495824012,0.674344208845752,0.16248032926945133,0.16317546181547776,678,2012,280
CAPSD_AAV2S_Sinai_2021,CAPSD,167,0.6284566521644592,0.3668551743030548,0.0046882471069693565,15357.673828125,8964.8857421875,114.5672836303711,0.8545246209522741,0.1322411421285317,0.013234236509116,0.7132929326231393,0.24215815102270494,0.04454891618695236,360,619,43
CAR11_HUMAN_Meitlis_2020_gof,CAR11,793,0.5250038504600525,0.44972747564315796,0.025268586352467537,56291.640625,48220.40234375,2709.332763671875,0.7535697046840031,0.1711327170908026,0.07529757812653308,0.7297649978409039,0.18495286505862868,0.08528213701516434,658,2224,271
CAR11_HUMAN_Meitlis_2020_lof,CAR11,801,0.5249529480934143,0.44981083273887634,0.025236215442419052,56847.734375,48710.515625,2732.857666015625,0.7536004760737097,0.1711880409751232,0.07521148285346692,0.7305472101764812,0.18498580511224394,0.08446698462658714,659,2230,274
CAS9_STRP1_Spencer_2017_positive,CAS9,6991,0.4499310255050659,0.5340735912322998,0.01599537953734398,355011.96875,421403.53125,12620.9375,0.7202059835090244,0.2266389725817023,0.05315504389432204,0.7202445260126578,0.22666971282855378,0.0530857611438566,736,2776,355
CASP3_HUMAN_Roychowdhury_2020,CASP3,587,0.6420114636421204,0.33846285939216614,0.019525673240423203,55633.9609375,29329.740234375,1692.0111083984375,0.8313227348938018,0.11618781510895368,0.05248944988711669,0.7978436282278929,0.14158709901530783,0.0605692726637266,649,1928,260
CASP7_HUMAN_Roychowdhury_2020,CASP7,633,0.6617661714553833,0.3191326856613159,0.01910114847123623,60241.875,29051.27734375,1738.815185546875,0.8419140156045598,0.10763590908931829,0.05045007520312213,0.810238466009836,0.12661761015443024,0.06314392374494805,675,2083,250
CATR_CHLRE_Tsuboyama_2023_2AMI,CATR,468,0.604473352432251,0.3751586675643921,0.020367976278066635,41110.1953125,25514.517578125,1385.224853515625,0.8100515025911892,0.1332825045226579,0.05666599274093155,0.7051074393304715,0.19733264435918682,0.09755991619765544,657,1457,160
CBPA2_HUMAN_Tsuboyama_2023_1O6X,CBPA2,461,0.6127113699913025,0.3712642788887024,0.01602434180676937,37036.01953125,22441.48046875,968.609130859375,0.823089953355292,0.13222001199486902,0.04469003448604782,0.76002954512098,0.1663900234579442,0.0735804312911757,633,1752,171
CBS_HUMAN_Sun_2020,CBS,2196,0.6009554266929626,0.37726080417633057,0.021783776581287384,184445.828125,115789.25,6685.89794921875,0.8053601995356278,0.13403316082468686,0.060606639607505085,0.8001266542279186,0.13823044699139245,0.061642898749064916,729,2649,343
CBX4_HUMAN_Tsuboyama_2023_2K28,CBX4,309,0.6445228457450867,0.33775484561920166,0.01772230491042137,29772.10546875,15601.7333984375,818.6371459960938,0.8361122494935698,0.11615838940118967,0.047729360898263386,0.7337376695673898,0.17263574385291344,0.09362658643330458,594,1323,128
CCDB_ECOLI_Adkar_2012,CCDB,386,0.5401773452758789,0.4465429484844208,0.013279751874506474,29892.71875,24711.111328125,734.8843383789062,0.7872825732952017,0.17253618521374417,0.040181241296950984,0.7110899851892973,0.21958278500440714,0.0693272296685627,579,1550,146
CCDB_ECOLI_Tripathi_2016,CCDB,533,0.5429124236106873,0.444065123796463,0.013022510334849358,41330.35546875,33805.3984375,991.3661499023438,0.7894920445654648,0.17119353843213456,0.03931441686161905,0.7332832410630883,0.20673690630740915,0.0599798525218086,607,1761,178
CCR5_HUMAN_Gill_2023,CCR5,1908,0.5729067325592041,0.39658042788505554,0.030512837693095207,151483.640625,104860.7890625,8067.97265625,0.7727470652818091,0.14181019156589092,0.08544274311470407,0.7646578191515928,0.14800472628940478,0.08733745452230493,727,2600,339
CD19_HUMAN_Klesmith_2019_FMC_singles,CD19,1493,0.5731815695762634,0.40435633063316345,0.022462110966444016,118800.2578125,83808.7578125,4655.6005859375,0.7884070459174993,0.14745014684992816,0.06414280718366216,0.7793598761804184,0.1537831099586134,0.06685701381386562,718,2567,328
CP2C9_HUMAN_Amorosi_2021_abundance,CP2C9,2174,0.6243610382080078,0.345109224319458,0.030529707670211792,196321.84375,108514.90625,9599.6513671875,0.8012501326354721,0.11741175558576258,0.08133811174868609,0.79397742762232,0.12382143788807579,0.08220113446040457,722,2559,341
CP2C9_HUMAN_Amorosi_2021_activity,CP2C9,2044,0.6218616366386414,0.346192330121994,0.03194601088762283,184937.546875,102955.3203125,9500.533203125,0.7972976686768467,0.11767030731098503,0.08503202398039501,0.7886754328028451,0.12505038532666116,0.08627418183961819,724,2542,340
CSN4_MOUSE_Tsuboyama_2023_1UFM,CSN4,432,0.60343998670578,0.3801979720592499,0.016362102702260017,39539.35546875,24911.810546875,1072.098388671875,0.8174454735711215,0.1365391491351432,0.04601537714136636,0.7333713117331097,0.19098958691764834,0.07563910123776933,601,1454,158
CUE1_YEAST_Tsuboyama_2023_2MYX,CUE1,291,0.6227341890335083,0.36913082003593445,0.00813502911478281,23609.705078125,13994.8466796875,308.4231262207031,0.8444054177911682,0.13269399999689602,0.02290058194834636,0.6825731157917848,0.2556543661220641,0.06177251791991464,575,910,83
D7PM05_CLYGR_Somermeyer_2022,D7PM05,1012,0.638748824596405,0.3524858057498932,0.008765359409153461,93764.796875,51742.96484375,1286.706298828125,0.8512190886787855,0.12453044467791283,0.024250466576395166,0.8079258982277681,0.15694823410615724,0.03512586760765468,678,1926,214
DLG4_HUMAN_Faure_2021,DLG4,463,0.5895792841911316,0.3534899950027466,0.05693076178431511,34269.56640625,20546.76953125,3309.126708984375,0.7356097728797054,0.11692439254816943,0.14746583441392522,0.6583358760218503,0.17369680126000478,0.16796732260038455,613,1393,232
DLG4_RAT_McLaughlin_2012,DLG4,553,0.5977882742881775,0.3471623957157135,0.05504924803972244,41103.9921875,23870.927734375,3785.192626953125,0.7434168654621715,0.11445648252378698,0.1421266518807461,0.6742696138555727,0.1661004492603922,0.1596299367798698,635,1497,247
DN7A_SACS2_Tsuboyama_2023_1JIC,DN7A,328,0.7136557698249817,0.2727595567703247,0.013584641739726067,33261.5859375,12712.59375,633.143798828125,0.8765450348272861,0.08881537253625989,0.034639592442231866,0.7431930282771112,0.18298159507439857,0.07382537650973485,621,964,119
DNJA1_HUMAN_Tsuboyama_2023_2LO1,DNJA1,379,0.5481280088424683,0.4346081018447876,0.017263872548937798,30224.296875,23964.701171875,951.9462890625,0.7839507102348761,0.16478863690102194,0.05126065267294064,0.6921446506592095,0.22652521446117674,0.08133013474633433,582,1410,156
DOCK1_MOUSE_Tsuboyama_2023_2M0Y,DOCK1,370,0.591074526309967,0.38006317615509033,0.02886234223842621,31544.025390625,20282.9296875,1540.3040771484375,0.7862625138904075,0.1340305605837238,0.07970692534216484,0.7096147682183225,0.17572951645440618,0.11465571518509667,632,1641,191
DYR_ECOLI_Nguyen_2023,DYR,935,0.5733498334884644,0.40193143486976624,0.024718808010220528,78225.890625,54838.1484375,3372.549560546875,0.7840974529032946,0.14572195912784383,0.07018058789498836,0.7623015571473417,0.16138843930486843,0.07631000348171955,678,2245,292
DYR_ECOLI_Thompson_2019,DYR,636,0.5668643116950989,0.40828439593315125,0.024851296097040176,53950.91015625,38858.1796875,2365.20458984375,0.7800565515815977,0.14894723901682067,0.07099620929502164,0.7528638805464517,0.16631161177947376,0.08082450758727701,622,2028,254
ENVZ_ECOLI_Ghose_2023,ENVZ,372,0.6215165257453918,0.3660152554512024,0.012468128465116024,32827.2734375,19332.201171875,658.5418701171875,0.8348839850520282,0.13034528183685637,0.03477073292367688,0.7338394562820041,0.19395549431093737,0.07220504926890749,618,1377,126
ENV_HV1B9_DuenasDecamp_2016,ENV,113,0.6831699013710022,0.28898659348487854,0.02784346416592598,11308.677734375,4783.66552734375,460.899658203125,0.8355927698864974,0.09370577215005406,0.0707014574188826,0.6489998624013256,0.17998189572603593,0.17101824165742768,375,572,58
ENV_HV1BR_Haddox_2016,ENV,3939,0.6338585615158081,0.340523898601532,0.02561744675040245,357557.59375,192088.453125,14450.7197265625,0.8154436731664326,0.1161373501422303,0.06841897667452915,0.8101186971426511,0.11849039328111868,0.07139090955953196,737,2707,338
EPHB2_HUMAN_Tsuboyama_2023_1F0M,EPHB2,411,0.6168187856674194,0.3600671589374542,0.023114070296287537,36064.1953125,21052.42578125,1351.4346923828125,0.8113244584756907,0.1255576443511555,0.06311789700735332,0.7359835073121395,0.17417407625096323,0.08984241630526846,645,1591,198
ERBB2_HUMAN_Elazar_2016,ERBB2,109,0.6117695569992065,0.3616696894168854,0.026560738682746887,8442.23046875,4990.9296875,366.52996826171875,0.8020129225752602,0.12569798201201232,0.07228909471257641,0.6997904763032418,0.18016247937307636,0.12004704405511303,324,744,82
ESTA_BACSU_Nutschel_2020,ESTA,726,0.5572911500930786,0.4305170178413391,0.012191817164421082,52388.26953125,40470.83984375,1146.09423828125,0.7998604053532736,0.16381175172647858,0.03632784280772314,0.7608054908208554,0.19128849170443152,0.047906017378574674,662,2034,230
F7YBW8_MESOW_Ding_2023,F7YBW8,51,0.47349658608436584,0.516273021697998,0.0102303521707654,3098.99609375,3378.96435546875,66.9568099975586,0.7496738570139546,0.2166993655290717,0.0336267756741072,0.5702156625793909,0.3222207250710487,0.10756361193188019,227,438,26
FECA_ECOLI_Tsuboyama_2023_2D1U,FECA,411,0.5899586081504822,0.39659351110458374,0.013447875156998634,33778.99609375,22707.576171875,769.9789428710938,0.8159675676826164,0.14541848994547105,0.03861394219388235,0.7346597458590605,0.19994496981600002,0.06539528419074805,617,1524,158
FKBP3_HUMAN_Tsuboyama_2023_2KFV,FKBP3,430,0.6833083033561707,0.2997119724750519,0.016979731619358063,47067.90234375,20644.875,1169.6043701171875,0.8562597558227034,0.09956704969040323,0.04417319435281825,0.7808659774589969,0.14139609683003643,0.07773792560528721,637,1543,159
GAL4_YEAST_Kitzman_2015,GAL4,369,0.5956788659095764,0.39098086953163147,0.01334024965763092,30495.4921875,20016.078125,682.9476928710938,0.8193362808178215,0.14257002259641757,0.0380936963877478,0.7178950086964676,0.21921145848899223,0.06289353266811512,622,1337,159
GDIA_HUMAN_Silverstein_2021,GDIA,1153,0.6103124618530273,0.3650055527687073,0.02468194253742695,92416.609375,55270.99609375,3737.465087890625,0.804822393980538,0.12760567953164761,0.06757192642363168,0.7923838659911561,0.13938112569531474,0.06823500825565443,675,2295,317
GFP_AEQVI_Sarkisyan_2016,GFP,909,0.6392201781272888,0.35388702154159546,0.006892757024616003,86542.0625,47911.6796875,933.1892700195312,0.8553177701746195,0.1255348599464895,0.01914736980605136,0.7983989076964434,0.17312776219452575,0.028473330046481612,678,1731,205
GLPA_HUMAN_Elazar_2016,GLPA,79,0.5198006629943848,0.459107369184494,0.021091904491186142,5483.703125,4843.41162109375,222.51171875,0.7584990750555062,0.17760500157496248,0.06389592235012193,0.6444423792242913,0.21077879600907187,0.14477882449986748,227,613,41
GRB2_HUMAN_Faure_2021,GRB2,316,0.5774416923522949,0.3834579885005951,0.03910033777356148,26498.55859375,17596.7265625,1794.2982177734375,0.7595179338303393,0.133711992222901,0.10677007373551622,0.6677023713980729,0.198525555803638,0.13377207265365432,574,1282,194
HCP_LAMBD_Tsuboyama_2023_2L6Q,HCP,310,0.5204999446868896,0.4723530411720276,0.007146998308598995,21873.376953125,19850.060546875,300.3439025878906,0.7879652720543909,0.18957268778563616,0.022462039894476444,0.6607006637317105,0.2896696243923927,0.04962971170734899,558,1155,102
HECD1_HUMAN_Tsuboyama_2023_3DKM,HECD1,386,0.5892171859741211,0.4032256603240967,0.007557098288089037,35136.453125,24045.326171875,450.64813232421875,0.8277795640739514,0.15017932424956615,0.02204111150285265,0.7091133407498171,0.24000700617621165,0.050879652954293725,593,1199,106
HEM3_HUMAN_Loggerenberg_2023,HEM3,1854,0.6114959120750427,0.36683017015457153,0.021673867478966713,154442.546875,92648.5078125,5474.06298828125,0.811280504181773,0.129022426610164,0.05969706916934868,0.8048001091642617,0.13431744414203908,0.06088244665644048,715,2570,335
HIS7_YEAST_Pokusaeva_2019,HIS7,78,0.6134283542633057,0.3781464099884033,0.00842520222067833,6319.26513671875,3895.49560546875,86.79267120361328,0.8389691345926747,0.13710863805466947,0.02392222637418716,0.6601420504657541,0.24941665259415302,0.0904412965232773,399,651,40
HMDH_HUMAN_Jiang_2019,HMDH,5204,0.5633592009544373,0.41850823163986206,0.018132558092474937,403300.9375,299604.15625,12980.8427734375,0.7912867863721544,0.15583866090617163,0.05287455270721378,0.7900792411285746,0.15712689549746356,0.05279386335952388,737,2753,355
HSP82_YEAST_Cote-Hammarlof_2020_growth-H2O2,HSP82,714,0.5518339276313782,0.42832472920417786,0.019841277971863747,51376.2265625,39877.41015625,1847.240478515625,0.7809952695314647,0.16070738601978377,0.05829734433671661,0.7336962100612058,0.19541388120172482,0.07088990864381553,653,1903,243
HSP82_YEAST_Flynn_2019,HSP82,4189,0.5596715807914734,0.41358721256256104,0.026741163805127144,310419.5,229394.421875,14831.8740234375,0.7721386732133667,0.15126966842965256,0.07659165833864846,0.7707001035277709,0.1526349783319621,0.07666491812196895,737,2750,354
HSP82_YEAST_Mishra_2016,HSP82,1361,0.5662696361541748,0.4037460386753082,0.02998434379696846,107006.984375,76295.1796875,5666.0888671875,0.7698534724700964,0.14551767259860834,0.08462885487827236,0.7478976936056266,0.1604673846828405,0.09163492166155966,715,2376,309
HXK4_HUMAN_Gersing_2022_activity,HXK4,2615,0.5632185339927673,0.41237255930900574,0.024408897385001183,199482.5625,146055.4375,8645.2216796875,0.7787694619650811,0.151162615112794,0.07006792289335288,0.7745802233342904,0.15506162495764747,0.07035815168006603,721,2637,344
HXK4_HUMAN_Gersing_2023_abundance,HXK4,2598,0.563605546951294,0.41169023513793945,0.024704160168766975,198229.34375,144798.21875,8688.859375,0.7784229558270226,0.15074176741358292,0.07083527673045348,0.773685599854684,0.1548312774198735,0.07148312269722401,723,2639,343
I6TAH8_I68A0_Doud_2015,I6TAH8,2916,0.6767619252204895,0.31499871611595154,0.008239267393946648,288642.25,134348.484375,3514.08740234375,0.8705724558896839,0.10742379342977625,0.022003750658311224,0.8532412099123869,0.12218436431057696,0.02457442575542728,731,2376,309
IF1_ECOLI_Kelsic_2016,IF1,431,0.5563148260116577,0.41815733909606934,0.025527816265821457,33704.7265625,25334.357421875,1546.620849609375,0.7724783427967147,0.15393170844654672,0.07358994858782557,0.7124461982563949,0.18862116195639625,0.09893263966503199,578,1641,191
ILF3_HUMAN_Tsuboyama_2023_2L33,ILF3,461,0.6963188052177429,0.28220605850219727,0.021475156769156456,47071.04296875,19077.0859375,1451.71728515625,0.8536273938161814,0.09171687531879022,0.054655730731374357,0.7765824694235858,0.1356465883208713,0.08777094215457477,612,1420,167
ISDH_STAAW_Tsuboyama_2023_2LHR,ISDH,326,0.622977614402771,0.3704691231250763,0.006553283426910639,29952.111328125,17811.767578125,315.07501220703125,0.8478228701267152,0.1336618284034283,0.01851530126124168,0.6895361609665953,0.2648053908244439,0.04565844807129367,598,926,95
KCNE1_HUMAN_Muhammad_2023_expression,KCNE1,746,0.5373268127441406,0.43951085209846497,0.023162290453910828,53547.5625,43799.66796875,2308.249267578125,0.7654982209695224,0.1659961400988522,0.06850563882626644,0.7519472732815183,0.1690599606394184,0.0789927659921395,619,2252,254
KCNE1_HUMAN_Muhammad_2023_function,KCNE1,745,0.5372614860534668,0.4395315945148468,0.023206904530525208,53438.12109375,43717.52734375,2308.249267578125,0.7653693952624395,0.16599621851134455,0.06863438612065892,0.7516912366967389,0.16918117180899214,0.0791275914071969,619,2250,254
KCNH2_HUMAN_Kozek_2020,KCNH2,62,0.5691002607345581,0.3842007517814636,0.046699024736881256,4825.97119140625,3258.023193359375,396.0078125,0.7411078955823285,0.1326397145865348,0.12625238869935107,0.5934088418381871,0.2287852655977606,0.1778058922677151,241,422,66
KCNJ2_MOUSE_Coyote-Maestas_2022_function,KCNJ2,2219,0.5686696171760559,0.40239331126213074,0.02893715165555477,178136.515625,126050.25,9064.6015625,0.7732557377312207,0.1450563019313812,0.0816879603054063,0.7618497442791996,0.15463384677307154,0.08351640891667936,726,2531,337
KCNJ2_MOUSE_Coyote-Maestas_2022_surface,KCNJ2,2223,0.5692188739776611,0.4019709527492523,0.02881019376218319,178558.46875,126094.40625,9037.4794921875,0.7738198269515658,0.14486981753215358,0.08131035548434103,0.7625352574476704,0.1541876546090699,0.0832770879122985,725,2532,336
KKA2_KLEPN_Melnikov_2014,KKA2,1561,0.546030580997467,0.43954935669898987,0.01442006416618824,118637.078125,95501.703125,3133.07421875,0.7884969848063842,0.16827259935374583,0.04323041579088667,0.7765504430157435,0.17737100476451784,0.0460785521726758,719,2534,320
LGK_LIPST_Klesmith_2015,LGK,2592,0.5674376487731934,0.41798627376556396,0.014576097019016743,210455.453125,155025.828125,5406.09033203125,0.8008887867670552,0.15640073216003045,0.0427104810448678,0.7940138251016403,0.161683254061949,0.04430292080879349,732,2648,337
LYAM1_HUMAN_Elazar_2016,LYAM1,133,0.4804963171482086,0.48836252093315125,0.031141072511672974,9108.318359375,9257.4306640625,590.3121337890625,0.7122518948981434,0.19191484576050946,0.09583325876502811,0.6564036459065281,0.21983878026709996,0.12375757361882074,288,874,99
MAFG_MOUSE_Tsuboyama_2023_1K1V,MAFG,257,0.6294082999229431,0.3551712930202484,0.015420370735228062,22974.986328125,12964.6455078125,562.88232421875,0.8330128096178737,0.12461770717978271,0.0423694829351267,0.730794730578998,0.1888615277735746,0.08034374147757106,534,1166,119
MBD11_ARATH_Tsuboyama_2023_6ACV,MBD11,384,0.6347969174385071,0.3520425856113434,0.01316054817289114,31294.583984375,17355.19921875,648.7963256835938,0.8402917415694096,0.12354159608849306,0.03616666214420523,0.7749177184867733,0.16405289702332673,0.061029384335632694,623,1632,164
MET_HUMAN_Estevam_2023,MET,1670,0.5517297983169556,0.4155055284500122,0.03276465833187103,135332.25,101918.1796875,8036.7509765625,0.7558927411661341,0.15091528310505312,0.09319197568764784,0.7455883184807666,0.15874170929090306,0.09566997218833266,726,2568,336
MK01_HUMAN_Brenan_2016,MK01,2153,0.5564543008804321,0.4145281910896301,0.029017513617873192,167119.40625,124494.859375,8714.802734375,0.7658425587749418,0.15124698423322183,0.08291045695806251,0.7572977024157674,0.16029637704337343,0.0824059205081419,722,2541,346
MLAC_ECOLI_MacRae_2023,MLAC,1251,0.5283903479576111,0.45399296283721924,0.017616653814911842,92359.3125,79355.1171875,3079.280517578125,0.7710118665910017,0.17562162855547833,0.0533665047919955,0.7556148343220626,0.18526706904373644,0.05911809657660487,704,2467,300
MSH2_HUMAN_Jia_2020,MSH2,5212,0.5936131477355957,0.38820236921310425,0.018184497952461243,432325.53125,282725.875,13243.6806640625,0.8084280821890851,0.14015827896221433,0.05141363883491891,0.8071291195491379,0.14131906765653537,0.051551812780586,736,2749,353
MTH3_HAEAE_RockahShmuel_2015,MTH3,1740,0.5427454710006714,0.4425811767578125,0.014673386700451374,134560.015625,109726.8046875,3637.89501953125,0.7859725165869405,0.169913057815228,0.04411442555478282,0.7697570966095002,0.1830160198788315,0.04722688346973665,733,2514,323
MTHR_HUMAN_Weile_2021,MTHR,3880,0.5658227801322937,0.4107612669467926,0.023415978997945786,285888.5625,207541.9375,11831.197265625,0.7822451934208605,0.15054789275926797,0.06720691379970575,0.7791634057938757,0.15359873794079737,0.06723785624532239,734,2703,352
MYO3_YEAST_Tsuboyama_2023_2BTT,MYO3,321,0.6220701336860657,0.36692506074905396,0.011004791595041752,28063.87109375,16553.337890625,496.46661376953125,0.8381532112733364,0.1310642082971908,0.03078258020936097,0.7228515469870743,0.21598569774480408,0.06116275510919871,617,1218,129
NCAP_I34A1_Doud_2015,NCAP,2910,0.6657698750495911,0.32599785923957825,0.00823226198554039,287650.125,140849.453125,3556.80126953125,0.865439683770259,0.11234405497412554,0.022216261233441614,0.8475799039799403,0.1273224216383203,0.02509767436028838,728,2373,304
NKX31_HUMAN_Tsuboyama_2023_2L9R,NKX31,353,0.5514544248580933,0.4309321343898773,0.017613399773836136,27796.427734375,21721.419921875,887.8151245117188,0.7852519188208016,0.16267878635458347,0.05206929461641176,0.7089807823426469,0.20887916282600769,0.08214005468238944,584,1549,161
NPC1_HUMAN_Erwood_2022_HEK293T,NPC1,631,0.5244934558868408,0.45155832171440125,0.023948252201080322,38714.68359375,33331.08984375,1767.7037353515625,0.7558380442964405,0.17251435542772048,0.07164760013195243,0.7368178160618195,0.18259561722459897,0.08058656659596368,618,2147,258
NPC1_HUMAN_Erwood_2022_RPE1,NPC1,63,0.6173572540283203,0.3628780245780945,0.019764747470617294,4937.5078125,2902.23046875,158.0747528076172,0.8181340421760583,0.1274885721569886,0.05437738444576042,0.6387794589162513,0.23726497633643734,0.12395556436307383,297,470,49
NRAM_I33A0_Jiang_2016,NRAM,293,0.6742061376571655,0.3145692050457001,0.011224606074392796,27115.74609375,12651.5888671875,451.43994140625,0.863366400063926,0.10679264591116001,0.02984095379025284,0.7096689937836105,0.2185516178662662,0.07177938820225259,565,856,93
NUD15_HUMAN_Suiter_2020,NUD15,870,0.5660631060600281,0.4109726548194885,0.022964300587773323,71763.4296875,52101.625,2911.3310546875,0.7832719361650265,0.15075903226899418,0.06596903148553843,0.7565637732971237,0.16897234677006523,0.0744638798583812,706,2295,291
NUSA_ECOLI_Tsuboyama_2023_1WCL,NUSA,451,0.658939003944397,0.3214586079120636,0.019602395594120026,41052.87109375,20027.34375,1221.258056640625,0.8395668665073978,0.10858199064122859,0.05185114270065066,0.7690304756803926,0.15415821741908936,0.07681130677913012,648,1577,193
NUSG_MYCTU_Tsuboyama_2023_2MI6,NUSG,358,0.5988450646400452,0.39007657766342163,0.011078350245952606,29742.666015625,19373.8203125,550.2252197265625,0.8257008096159015,0.1425872770312321,0.03171191314826415,0.7039749583092924,0.22872025313412123,0.06730478841102308,615,1233,119
OBSCN_HUMAN_Tsuboyama_2023_1V1C,OBSCN,413,0.6834704875946045,0.297607958316803,0.01892152428627014,42953.33203125,18703.447265625,1189.140625,0.8525787405867474,0.09841968970010424,0.049001569566861546,0.7674139911017392,0.14990790645502955,0.08267810232781547,646,1440,166
ODP2_GEOSE_Tsuboyama_2023_1W4G,ODP2,217,0.620316207408905,0.3656289577484131,0.014054768718779087,18213.5,10735.46484375,412.6710205078125,0.8310486934692903,0.12986036133999668,0.039090944854433346,0.7061230526105475,0.21330051536630357,0.08057643180836745,554,1081,110
OPSD_HUMAN_Wan_2019,OPSD,162,0.5757445096969604,0.38582855463027954,0.038426969200372696,11734.7216796875,7863.88818359375,783.2115478515625,0.7597505925308996,0.13497653510151564,0.1052728718904229,0.6602323970461171,0.19379914928607425,0.14596845339943326,477,1089,144
OTC_HUMAN_Lo_2023,OTC,1570,0.5626041293144226,0.41666001081466675,0.020735811442136765,122818.2265625,90958.171875,4526.69189453125,0.7856362890193234,0.15424927395947197,0.0601144369740606,0.7732075171687216,0.16517756940588743,0.061614913380881514,707,2451,327
OTU7A_HUMAN_Tsuboyama_2023_2L2D,OTU7A,218,0.6542479395866394,0.3372771143913269,0.008474934846162796,23380.400390625,12053.0361328125,302.8628234863281,0.8594308547180242,0.11745679537294526,0.023112349638119752,0.6587319574557849,0.2674506484792019,0.07381739391146208,545,692,63
OXDA_RHOTO_Vanella_2023_activity,OXDA,2201,0.6133106350898743,0.36944741010665894,0.017241887748241425,177230.90625,106760.7421875,4982.45947265625,0.8209775715451976,0.13110706966980662,0.04791535875085624,0.8112116822052097,0.1390494435622118,0.049738874198936606,735,2583,337
OXDA_RHOTO_Vanella_2023_expression,OXDA,2305,0.6120787858963013,0.37073785066604614,0.01718336157500744,184751.546875,111904.53125,5186.67333984375,0.8204392103064364,0.13174334586026118,0.04781744380057405,0.8118820554218343,0.13877868208574473,0.0493392624600776,736,2608,340
P53_HUMAN_Giacomelli_2018_Null_Etoposide,P53,2320,0.535376787185669,0.41336193680763245,0.05126124992966652,168736.265625,130280.484375,16156.1572265625,0.7125213113058715,0.14584497880557465,0.14163370985743262,0.7093260090198951,0.14718558851227223,0.14348840243710315,731,2720,346
P53_HUMAN_Giacomelli_2018_Null_Nutlin,P53,2320,0.535376787185669,0.41336193680763245,0.05126124992966652,168736.265625,130280.484375,16156.1572265625,0.7125213113058715,0.14584497880557465,0.14163370985743262,0.7093260090198951,0.14718558851227223,0.14348840243710315,731,2720,346
P53_HUMAN_Giacomelli_2018_WT_Nutlin,P53,2320,0.535376787185669,0.41336193680763245,0.05126124992966652,168736.265625,130280.484375,16156.1572265625,0.7125213113058715,0.14584497880557465,0.14163370985743262,0.7093260090198951,0.14718558851227223,0.14348840243710315,731,2720,346
P53_HUMAN_Kotler_2018,P53,973,0.5252583622932434,0.4171845018863678,0.057557106018066406,67607.1640625,53696.73828125,7408.30224609375,0.6953849338446557,0.146420928380726,0.1581941376988129,0.6726954362932404,0.15874568346512244,0.1685588801749717,670,2255,293
P84126_THETH_Chan_2017,P84126,461,0.5173770785331726,0.4635864198207855,0.01903643272817135,36730.88671875,32912.05078125,1351.4805908203125,0.7610744843101219,0.1807895757837254,0.05813593975344435,0.6980535671254882,0.22475628718984775,0.07719014557785865,562,1564,187
PABP_YEAST_Melamed_2013,PABP,458,0.6063386797904968,0.3710944652557373,0.02256685495376587,37576.86328125,22997.98046875,1398.54443359375,0.8067640234427975,0.1308996216526633,0.06233635474630751,0.7249722778393421,0.18743530287891352,0.0875924191546033,659,1560,203
PAI1_HUMAN_Huttinger_2021,PAI1,2234,0.6276047825813293,0.34933722019195557,0.023058107122778893,201687.03125,112262.984375,7409.95166015625,0.8171014079721597,0.12057499723336589,0.062323594764616165,0.8075832308516879,0.13000643164787676,0.0624103374711249,732,2531,348
PA_I34A1_Wu_2015,PA,1584,0.5837787389755249,0.40973079204559326,0.0064904410392045975,157041.03125,110220.7734375,1745.9791259765625,0.8270271693592463,0.1538837583985479,0.019089072203393075,0.8118137637426059,0.16589110062395693,0.022295135597044106,704,2418,285
PHOT_CHLRE_Chen_2023,PHOT,738,0.6233921647071838,0.36437198519706726,0.01223584171384573,65885.5859375,38510.046875,1293.1917724609375,0.8363275504003875,0.1295933540726958,0.03407909543336471,0.7750567612531041,0.17699609809093245,0.04794714057291188,706,1807,224
PIN1_HUMAN_Tsuboyama_2023_1I6C,PIN1,238,0.6477792263031006,0.32678547501564026,0.025435248389840126,22071.333984375,11134.3359375,866.6376342773438,0.8228718254275368,0.1100501458339298,0.06707802846376226,0.6818512277584393,0.18779451967290853,0.13035425238514722,594,1088,122
PITX2_HUMAN_Tsuboyama_2023_2L7M,PITX2,303,0.6123821139335632,0.36987167596817017,0.017746247351169586,26682.70703125,16116.044921875,773.2392578125,0.8194812186569179,0.13121705248426527,0.04930172863246886,0.6699828947973575,0.23182579466535513,0.09819131038236323,617,1077,122
PKN1_HUMAN_Tsuboyama_2023_1URF,PKN1,430,0.6249346137046814,0.356518030166626,0.018547423183918,36366.89453125,20746.896484375,1079.3323974609375,0.8245000083162025,0.12469822721154329,0.05080176430516371,0.7588435608538808,0.1650355953521395,0.07612084366773837,605,1587,179
POLG_CXB3N_Mattenberger_2021,POLG,4517,0.6415336728096008,0.34974706172943115,0.008719360455870628,359524.5625,196003.21875,4886.453125,0.8526993060954857,0.12324043949332794,0.02406025439370649,0.8425432093293567,0.13309781234187776,0.024358978311517447,736,2540,346
POLG_DEN26_Suphatrakul_2023,POLG,5609,0.7188854813575745,0.2709668278694153,0.010147631168365479,528874.8125,199346.8125,7465.48193359375,0.8855581682134134,0.08849040782414164,0.025951423950104555,0.8822328579044534,0.09161853468833323,0.026148607394919327,737,2675,351
POLG_HCVJF_Qi_2014,POLG,509,0.02272718958556652,0.9667041897773743,0.010568580590188503,772.06982421875,32840.09765625,359.0273132324219,0.07551838724224817,0.851575699232145,0.07290591280472568,0.4119106559934198,0.4900888728169941,0.09800047095483959,44,1573,86
POLG_PESV_Tsuboyama_2023_2MXD,POLG,341,0.6383625864982605,0.3541726768016815,0.0074647413566708565,33519.90234375,18597.3203125,391.967529296875,0.8537069224733516,0.125568041771099,0.020725035567845346,0.7032220771441254,0.25023312220635363,0.046544800527211945,583,909,103
PPARG_HUMAN_Majithia_2016,PPARG,3016,0.526862621307373,0.4482928216457367,0.024844566360116005,224380.515625,190919.171875,10580.81640625,0.7555889924508684,0.1704404666485732,0.0739705408757404,0.7532004395594457,0.17250756298811432,0.07429199742793532,730,2712,349
PPM1D_HUMAN_Miller_2022,PPM1D,2442,0.5827746987342834,0.39403486251831055,0.02319040708243847,207153.46875,140063.890625,8243.27734375,0.7924798898066678,0.14205120368216176,0.06546890648297597,0.7886209480443275,0.1447043795208124,0.06667467240695527,733,2701,345
PR40A_HUMAN_Tsuboyama_2023_1UZC,PR40A,388,0.6470057964324951,0.3338196873664856,0.0191744863986969,36833.95703125,19004.3125,1091.60107421875,0.8345109259825829,0.11414542386031684,0.05134364999012537,0.7430617904410625,0.17344687976534537,0.0834913296689214,618,1366,163
PRKN_HUMAN_Clausen_2023,PRKN,2712,0.5800860524177551,0.3966519236564636,0.023261990398168564,222640.75,152237.546875,8928.1005859375,0.790809166835138,0.14335455855891863,0.06583627457976544,0.7862400209800117,0.14716865348189928,0.06659132551213313,735,2685,348
PSAE_PICP2_Tsuboyama_2023_1PSE,PSAE,428,0.6341676115989685,0.350750595331192,0.015081808902323246,37055.2109375,20494.798828125,881.2490844726562,0.8361197453694765,0.12259860864881118,0.041281645815414485,0.7548076542909345,0.17383481989604177,0.07135752568265692,640,1537,161
PTEN_HUMAN_Matreyek_2021,PTEN,1661,0.5391454696655273,0.4303186237812042,0.030535906553268433,133867.71875,106846.4375,7581.94677734375,0.7523443571577066,0.15919284478823573,0.08846279801263766,0.7329487602037695,0.17361525549413462,0.09343598426327672,709,2389,315
PTEN_HUMAN_Mighell_2018,PTEN,2295,0.5395506024360657,0.4301939606666565,0.03025541827082634,182603.96875,145593.625,10239.5576171875,0.7531306278784136,0.15919343302716749,0.08767593906402209,0.739305395823057,0.1698135231303196,0.09088108101706796,730,2534,333
Q2N0S5_9HIV1_Haddox_2018,Q2N0S5,3890,0.6396700739860535,0.333829402923584,0.02650057151913643,348052.15625,181640.578125,14419.279296875,0.8167520750767447,0.11300079146907703,0.07024713343688346,0.8118628875125125,0.1156101325912905,0.07252697987914568,731,2679,339
Q53Z42_HUMAN_McShan_2019_binding-TAPBPR,Q53Z42,1057,0.6151309609413147,0.36071062088012695,0.02415836974978447,80886.4375,47431.51953125,3176.696533203125,0.8084123943449573,0.12567444768914157,0.06591315789224235,0.7822306278750351,0.14671408148338233,0.07105529057582177,680,2126,294
Q53Z42_HUMAN_McShan_2019_expression,Q53Z42,1057,0.6151309609413147,0.36071062088012695,0.02415836974978447,80886.4375,47431.51953125,3176.696533203125,0.8084123943449573,0.12567444768914157,0.06591315789224235,0.7822306278750351,0.14671408148338233,0.07105529057582177,680,2126,294
Q59976_STRSQ_Romero_2015,Q59976,2801,0.5184499621391296,0.46432802081108093,0.01722198724746704,215886.4375,193349.65625,7171.36376953125,0.7654648504874951,0.18174647211136782,0.0527886773750053,0.7626194744261754,0.18439201434571648,0.0529885112023207,730,2704,349
Q6WV12_9MAXI_Somermeyer_2022,Q6WV12,951,0.6438084244728088,0.349088191986084,0.007103312760591507,92860.65625,50351.24609375,1024.5567626953125,0.8571525465894575,0.12321378139131683,0.01963367195119669,0.8090745813370515,0.16236811957324093,0.028557299029502155,691,1867,216
Q837P4_ENTFA_Meier_2023,Q837P4,207,0.5066953301429749,0.47570621967315674,0.017598427832126617,14589.349609375,13697.076171875,506.7139892578125,0.7570027086116587,0.1884135206571003,0.05458377034883133,0.6618760668625551,0.24576811328497947,0.09235581964468424,458,1158,114
Q837P5_ENTFA_Meier_2023,Q837P5,230,0.4631679952144623,0.5155232548713684,0.02130877412855625,15649.1298828125,17418.064453125,719.962890625,0.7191206564226852,0.2121945151557312,0.06868482808291168,0.6424212628879066,0.2482230059915701,0.1093557309382543,444,1279,120
Q8WTC7_9CNID_Somermeyer_2022,Q8WTC7,1032,0.6502276062965393,0.3410954773426056,0.008676998317241669,100408.7421875,52672.27734375,1339.9100341796875,0.8570640166809027,0.11919183969706518,0.023744143559123448,0.8099485022033478,0.15680965461370247,0.03324184312712945,692,1875,225
R1AB_SARS2_Flynn_2022,R1AB,1989,0.696121096611023,0.296332985162735,0.007545824628323317,185798.53125,79092.890625,2014.0218505859375,0.8807792188383653,0.09939966547355261,0.019821115653144712,0.8507079109466443,0.12598390975392926,0.023308179265864863,733,2107,290
RAD_ANTMA_Tsuboyama_2023_2CJJ,RAD,250,0.6549316048622131,0.3291502296924591,0.015918124467134476,21416.005859375,10763.0830078125,520.5164184570312,0.844812662549808,0.11255928334612382,0.04262805381333822,0.7338674154843604,0.18194354389921352,0.08418904041424922,590,1196,125
RAF1_HUMAN_Zinkus-Boltz_2019,RAF1,198,0.5154727697372437,0.4630034267902374,0.021523719653487206,13830.3828125,12422.6044921875,577.4917602539062,0.7548256505436064,0.17974126721689632,0.06543308183726211,0.6689558095588313,0.22598851774028636,0.10505567249531597,425,1130,113
RASH_HUMAN_Bandaru_2017,RASH,973,0.5822592377662659,0.36968865990638733,0.048052046447992325,84224.1875,53475.71484375,6950.7607421875,0.7464619031036283,0.12564641693979378,0.1278916798912592,0.7148730341562259,0.1460938395704582,0.13903312621610842,674,2094,286
RASK_HUMAN_Weng_2022_abundance,RASK,921,0.5592436790466309,0.385416716337204,0.05533962324261665,79133.875,54537.078125,7830.64501953125,0.7203881121814705,0.1316190231721307,0.14799286457930674,0.686126731864348,0.15277412496123247,0.16109914311702098,662,2049,279
RASK_HUMAN_Weng_2022_binding-DARPin_K55,RASK,935,0.557694137096405,0.38700807094573975,0.05529776215553284,80063.390625,55559.4453125,7938.6279296875,0.7195177871129482,0.13236956739373232,0.14811264542708638,0.6861695222031717,0.15363071646973628,0.16019976127018495,664,2058,282
RBP1_HUMAN_Tsuboyama_2023_2KWH,RBP1,335,0.6230533123016357,0.36851614713668823,0.008430511690676212,29259.236328125,17305.904296875,395.9056396484375,0.8439574140259878,0.1323349432937683,0.023707642467662635,0.6809915197527361,0.26542141117347173,0.05358706893437854,599,909,103
RCD1_ARATH_Tsuboyama_2023_5OAO,RCD1,314,0.6019710898399353,0.3907330632209778,0.007295902352780104,24483.71875,15892.1220703125,296.7431945800781,0.8352540128255398,0.14372945308597465,0.021016533837060435,0.7303053016581111,0.21837494759353868,0.05131975057713624,574,1246,99
RCRO_LAMBD_Tsuboyama_2023_1ORC,RCRO,414,0.6270444393157959,0.35677605867385864,0.016179513186216354,31757.119140625,18069.181640625,819.4231567382812,0.8302825033562439,0.12524083755778861,0.04447665889328047,0.7583776497922037,0.1684099911251522,0.07321235892718189,651,1668,174
RD23A_HUMAN_Tsuboyama_2023_1IFY,RD23A,275,0.6601808667182922,0.325387179851532,0.014431876130402088,26018.9609375,12824.1162109375,568.7871704101562,0.8503047940371026,0.11110530998258089,0.03858989573946345,0.7260335271305759,0.18772162946758603,0.08624484324111092,576,1098,106
RDRP_I33A0_Li_2023,RDRP,2868,0.6424444913864136,0.34864071011543274,0.008914835751056671,222225.609375,120597.0234375,3083.697998046875,0.8527500466278527,0.1226837173421402,0.02456623600172614,0.8233715755923207,0.14846871068029086,0.028159713700266955,732,2203,297
REV_HV1H2_Fernandes_2016,REV,645,0.5848129391670227,0.4037869870662689,0.011400050483644009,50562.09765625,34910.8515625,985.6322631835938,0.8173175323496652,0.14960595005036467,0.033076517480836856,0.7151850138682279,0.22707163711971734,0.05774334892944977,584,1270,141
RFAH_ECOLI_Tsuboyama_2023_2LCL,RFAH,333,0.6340335607528687,0.3575410842895508,0.008425365202128887,29510.708984375,16641.533203125,392.1535339355469,0.8495555589836868,0.12700714990374753,0.0234372909003977,0.6926773963878918,0.2571007150391345,0.05022188842697756,622,945,114
RL20_AQUAE_Tsuboyama_2023_1GYZ,RL20,372,0.5487821102142334,0.43785402178764343,0.01336384192109108,27099.12890625,21621.4453125,659.9130249023438,0.792345273928865,0.16759712119428555,0.04005760466135964,0.7084361553458497,0.21938574461637475,0.07217809988902556,569,1466,136
RL40A_YEAST_Mavor_2016,RL40A,409,0.6641576290130615,0.28146517276763916,0.05437725409865379,40224.20703125,17046.7265625,3293.317626953125,0.7798329642389508,0.08761486272126107,0.1325521728969049,0.6500189218460524,0.1498359622011301,0.20014511585375752,613,1127,163
RL40A_YEAST_Roscoe_2013,RL40A,398,0.6655293703079224,0.2808699905872345,0.05360064655542374,39277.96875,16576.28125,3163.38330078125,0.7818092853001635,0.08747049869740876,0.13072021585573154,0.6502377856779172,0.15095364415875573,0.19880857006151526,615,1118,162
RL40A_YEAST_Roscoe_2014,RL40A,438,0.6619042754173279,0.28403642773628235,0.05405929684638977,42757.0859375,18347.923828125,3492.07275390625,0.7792291307336916,0.08864754271803967,0.13212332641395383,0.6509881050831137,0.14890783788094442,0.2001040569413931,621,1165,165
RNC_ECOLI_Weeks_2023,RNC,1333,0.5629329681396484,0.40996432304382324,0.027102721855044365,105194.5625,76609.5078125,5064.65087890625,0.7733822379596783,0.14931597205909572,0.0773017899270424,0.7588409488773006,0.15993226418790524,0.08122678688379342,707,2443,318
RPC1_BP434_Tsuboyama_2023_1R69,RPC1,371,0.6384037137031555,0.33521589636802673,0.0263803843408823,34224.24609375,17970.62109375,1414.2286376953125,0.8163320443540948,0.11363673151451564,0.07003122395559702,0.6973319297186126,0.18043786109909174,0.12223020905005944,649,1317,153
RPC1_LAMBD_Li_2019_high-expression,RPC1,343,0.5459046959877014,0.40614429116249084,0.04795101657509804,27113.33203125,20171.880859375,2381.57275390625,0.7248519748650558,0.14296690659793254,0.13218111833998095,0.657146552573968,0.1706127452429207,0.1722407020478686,558,1599,187
RPC1_LAMBD_Li_2019_low-expression,RPC1,343,0.5459046959877014,0.40614429116249084,0.04795101657509804,27113.33203125,20171.880859375,2381.57275390625,0.7248519748650558,0.14296690659793254,0.13218111833998095,0.657146552573968,0.1706127452429207,0.1722407020478686,558,1599,187
RS15_GEOSE_Tsuboyama_2023_1A32,RS15,376,0.5446903109550476,0.43995001912117004,0.015359655022621155,26517.15234375,21418.08203125,747.75390625,0.785748471998476,0.168251882077739,0.04599964570539936,0.7301193500905606,0.19719893900467994,0.0726817107599315,526,1573,149
S22A1_HUMAN_Yee_2023_abundance,S22A1,3129,0.6449264883995056,0.32197511196136475,0.03309836611151695,287407.625,143486.28125,14750.087890625,0.8071683729701888,0.10683140076263001,0.08600022624648297,0.8036882883091208,0.10957684167541136,0.08673486999488683,736,2695,350
S22A1_HUMAN_Yee_2023_activity,S22A1,3209,0.6450937986373901,0.32187774777412415,0.03302843123674393,294293.21875,146841.34375,15067.6435546875,0.807381498090916,0.10679958865095406,0.08581891323791069,0.803935801302034,0.10950838922560896,0.08655580945225129,736,2696,350
SAV1_MOUSE_Tsuboyama_2023_2YSB,SAV1,234,0.6530894041061401,0.3309268057346344,0.015983814373612404,21411.8515625,10849.595703125,524.037109375,0.8437803718961893,0.11334736841263285,0.042872259400746966,0.716031962556904,0.18750410092473707,0.09646393631771329,600,1161,109
SBI_STAAM_Tsuboyama_2023_2JVG,SBI,352,0.6307528614997864,0.35685503482818604,0.012392137199640274,30441.658203125,17222.6875,598.0745239257812,0.8397892170642671,0.1259579552969531,0.0342528274354647,0.7060404086099412,0.22482691884307476,0.06913267240364981,618,1098,124
SC6A4_HUMAN_Young_2021,SC6A4,3592,0.5392581224441528,0.4370495676994324,0.023692326620221138,264284.9375,214193.5625,11611.369140625,0.7656544722815108,0.164508945218623,0.0698365824785147,0.7636257197949716,0.16590015384416726,0.07047412633973958,731,2727,348
SCIN_STAAR_Tsuboyama_2023_2QFF,SCIN,401,0.6589195132255554,0.3326011300086975,0.008479367941617966,37901.15625,19131.26953125,487.734619140625,0.8616724697876574,0.11530715070403431,0.023020379340753287,0.7893716477524573,0.16644415229801268,0.0441841998199855,622,1489,143
SCN5A_HUMAN_Glazer_2019,SCN5A,67,0.009499955922365189,0.915136456489563,0.07536358386278152,49.39700698852539,4758.443359375,391.86871337890625,0.023251782999726345,0.5938041410249909,0.3829440725061325,0.14391890029023702,0.4809461009336562,0.3751349981059984,23,663,70
SDA_BACSU_Tsuboyama_2023_1PV0,SDA,258,0.5420809388160706,0.45088934898376465,0.0070296707563102245,17541.140625,14590.28125,227.47238159179688,0.801646720152017,0.17677121436129312,0.02158206514987395,0.6534038826442655,0.2907782569889023,0.055817860170525764,527,985,80
SERC_HUMAN_Xie_2023,SERC,1913,0.574020266532898,0.4065704345703125,0.01940927468240261,145557.828125,103096.546875,4921.728515625,0.7949317631799042,0.14926606873320014,0.055802168046646006,0.7867047999823458,0.15606328255942323,0.0572319174198572,710,2535,330
SHOC2_HUMAN_Kwon_2022,SHOC2,3243,0.6371135115623474,0.3424229025840759,0.020463602617383003,311260.75,167290.140625,9997.458984375,0.8270161703868929,0.11783727201958182,0.05514655757394326,0.822359999387066,0.12185270042785688,0.05578730016565823,735,2666,348
SOX30_HUMAN_Tsuboyama_2023_7JJK,SOX30,341,0.5732125639915466,0.41370469331741333,0.013082730583846569,30289.05859375,21860.5234375,691.3031005859375,0.8072854151565778,0.15446304058554064,0.038251544061451065,0.6986336220054449,0.2285574051186788,0.07280897273263934,621,1370,136
SPA_STAAU_Tsuboyama_2023_1LP1,SPA,326,0.6270115375518799,0.3667427599430084,0.006245749071240425,31818.275390625,18610.697265625,316.9462585449219,0.8505259566945018,0.131885263789975,0.017588779318517676,0.7250688788348661,0.23286185148042435,0.04206926955595855,565,1029,97
SPG1_STRSG_Olson_2014,SPG1,328,0.5987502932548523,0.3005775809288025,0.1006721705198288,30093.34375,15107.1064453125,5059.80908203125,0.6746962015956915,0.08979285914085734,0.235510939098215,0.47410202341784535,0.13312455271407567,0.3927734237826902,542,969,110
SPG2_STRSG_Tsuboyama_2023_5UBS,SPG2,323,0.6395490169525146,0.34896570444107056,0.011485269293189049,30472.728515625,16627.244140625,547.2410888671875,0.8460687711421512,0.122387563351533,0.03154366530168938,0.7373812867452587,0.19903523258389563,0.06358348052444736,605,1223,126
SPIKE_SARS2_Starr_2020_binding,SPIKE,1190,0.661032497882843,0.3239504396915436,0.015017084777355194,113580.5546875,55662.12109375,2580.27978515625,0.8495571931076972,0.11037509231161481,0.040067714525562084,0.799417933112083,0.14585513371710473,0.05472693312351463,672,1805,223
SPIKE_SARS2_Starr_2020_expression,SPIKE,1190,0.6610324382781982,0.3239504396915436,0.015017082914710045,113580.5546875,55662.125,2580.27978515625,0.84955718652712,0.11037509920255203,0.040067714215201944,0.799417924929397,0.1458551424599649,0.054726932563340415,672,1805,223
SPTN1_CHICK_Tsuboyama_2023_1TUD,SPTN1,324,0.5737308859825134,0.41125285625457764,0.015016239136457443,27201.955078125,19498.482421875,711.9558715820312,0.8036213839833708,0.15271259911430138,0.04366601668459757,0.6904028506549585,0.23204720030811596,0.07754994888007306,618,1318,144
SQSTM_MOUSE_Tsuboyama_2023_2RRU,SQSTM,246,0.699062168598175,0.29319626092910767,0.00774151599034667,24808.83203125,10405.1640625,274.7366027832031,0.881693921302613,0.09803545123962167,0.020270627195838928,0.7203219604932608,0.21924991258786128,0.06042812675831483,553,762,73
SR43C_ARATH_Tsuboyama_2023_2N88,SR43C,309,0.6122879981994629,0.3785502314567566,0.009161838330328465,27389.0234375,16933.40625,409.8297119140625,0.8368418163284965,0.13716201147074755,0.025996171975573683,0.6612878284982626,0.2877402580797193,0.05097191327401384,613,871,119
SRBS1_HUMAN_Tsuboyama_2023_2O2W,SRBS1,381,0.6013675332069397,0.37885066866874695,0.019781844690442085,35044.8828125,22077.642578125,1152.793212890625,0.8095169533997886,0.13520001084672453,0.05528303558324409,0.7061563811629039,0.2092906091412706,0.0845530095674696,637,1354,175
SRC_HUMAN_Ahler_2019,SRC,1083,0.5756347179412842,0.3523491621017456,0.07201609760522842,89559.984375,54820.15625,11204.6064453125,0.7032330136325103,0.1141164367708749,0.18265054953874474,0.6777507662221677,0.1346881609574692,0.18756107276746578,699,2153,316
SRC_HUMAN_Chakraborty_2023_binding-DAS_25uM,SRC,1155,0.5764762759208679,0.35234299302101135,0.07118074595928192,95408.546875,58313.81640625,11780.6259765625,0.7050314031185647,0.11423924844238798,0.18072934838458585,0.679250077179399,0.13395880468156535,0.18679111808877272,706,2188,317
SRC_HUMAN_Nguyen_2022,SRC,1081,0.5756165981292725,0.35226500034332275,0.0721183493733406,89368.5546875,54691.63671875,11196.8837890625,0.7030632823180666,0.11406523389353042,0.18287148373042303,0.6771392093502159,0.13460123878473265,0.1882595518120887,699,2152,315
SUMO1_HUMAN_Weile_2017,SUMO1,564,0.5613206624984741,0.4105173647403717,0.02816200815141201,46501.0078125,34008.140625,2333.001220703125,0.7703908948729836,0.1493668958629571,0.08024220914195918,0.6992635677870618,0.18593689090852022,0.11479954121043313,625,1719,191
SYUA_HUMAN_Newberry_2020,SYUA,763,0.5489002466201782,0.41999226808547974,0.031107498332858086,56310.90625,43086.41796875,3191.274658203125,0.7572871651252278,0.15361412856166823,0.08909870621399009,0.7255031029793079,0.17026139250037606,0.10423550443669968,649,2116,256
TADBP_HUMAN_Bolognesi_2019,TADBP,502,0.5248434543609619,0.4354436993598938,0.03971286118030548,39230.2109375,32547.892578125,2968.3974609375,0.7261965873752044,0.15972729110531217,0.11407612138305616,0.6827595484256254,0.1869119226409466,0.13032852883683627,555,1682,220
TAT_HV1BR_Fernandes_2016,TAT,481,0.5622117519378662,0.43166276812553406,0.0061255041509866714,47707.55078125,36629.56640625,519.7913208007812,0.8155491714652235,0.16600359732839068,0.018447231080397464,0.6859556687434447,0.273578408706592,0.04046592246354942,601,1157,111
TCRG1_MOUSE_Tsuboyama_2023_1E0L,TCRG1,191,0.6014189720153809,0.38405436277389526,0.01452664751559496,15999.2646484375,10216.81640625,386.4455261230469,0.8200501046413113,0.13882850513787998,0.04112138984305556,0.644833669065128,0.2678798447679241,0.08728648595011279,538,827,96
THO1_YEAST_Tsuboyama_2023_2WQG,THO1,215,0.6391931176185608,0.3434813916683197,0.017325542867183685,18620.876953125,10006.248046875,504.7251281738281,0.8342144752492479,0.11884243662914763,0.046943087791428875,0.6763386407962197,0.21406128683413095,0.10960007216770153,556,944,93
TNKS2_HUMAN_Tsuboyama_2023_5JRT,TNKS2,375,0.6491013169288635,0.3385043144226074,0.012394443154335022,34603.79296875,18045.771484375,660.7516479492188,0.8489722583932612,0.11737292826011284,0.03365481316580977,0.7537396285536466,0.18608238135415747,0.06017798995649411,623,1316,149
TPK1_HUMAN_Weile_2017,TPK1,959,0.6026356816291809,0.38087978959083557,0.016484443098306656,80981.71875,51182.3359375,2215.166748046875,0.8167648175563373,0.13685252887080082,0.04638265349852945,0.7999658254497543,0.14473955299473953,0.05529462149060549,657,2295,260
TPMT_HUMAN_Matreyek_2018,TPMT,1126,0.5890322327613831,0.3916928172111511,0.019274992868304253,92238.78125,61336.66015625,3018.343994140625,0.80371266567082,0.14168702217704612,0.054600312087916124,0.7884301279771583,0.1513986258118777,0.060171246150959104,702,2431,301
TPOR_HUMAN_Bridgford_2020,TPOR,172,0.5414862036705017,0.42627131938934326,0.032242413610219955,11149.673828125,8777.298828125,663.8994750976562,0.75057222754047,0.1566440504111789,0.09278372155221842,0.6815362208328578,0.19641839177840334,0.12204538714056679,406,1109,135
TRPC_SACS2_Chan_2017,TRPC,463,0.5983083844184875,0.3858354389667511,0.015856154263019562,39183.6953125,25268.671875,1038.4322509765625,0.8156733584386828,0.13944918958833735,0.04487745181956114,0.7381896921451306,0.19122248163353422,0.07058782610509737,617,1536,171
TRPC_THEMA_Chan_2017,TRPC,479,0.5422631502151489,0.43934425711631775,0.018392598256468773,39178.3125,31742.4609375,1328.8585205078125,0.7780842534231047,0.16712606433835742,0.05478968209216923,0.7121631365728527,0.20358432677985308,0.08425253654204673,579,1641,166
UBC9_HUMAN_Weile_2017,UBC9,885,0.5468112826347351,0.42877456545829773,0.024414164945483208,68447.1015625,53671.85546875,3056.043212890625,0.7688918579534545,0.15983780282161505,0.07127033914214043,0.7433791215476456,0.17720057178043028,0.07942030659915789,670,2204,280
UBE4B_HUMAN_Tsuboyama_2023_3L1X,UBE4B,344,0.6343246698379517,0.34749653935432434,0.01817878521978855,32330.505859375,17711.337890625,926.5433349609375,0.8300626254970834,0.12055144494102941,0.04938592937266752,0.7542679545999222,0.16664531282515976,0.0790867324323723,611,1515,167
UBE4B_MOUSE_Starita_2013,UBE4B,558,0.016107618808746338,0.9476688504219055,0.03622354194521904,691.5234375,40684.796875,1555.129150390625,0.04702347083878796,0.7334366729190136,0.21953985574103965,0.36721121970775605,0.4527562948569125,0.18003248519106319,46,2195,211
UBR5_HUMAN_Tsuboyama_2023_1I2T,UBR5,337,0.5864162445068359,0.40065279603004456,0.012930979020893574,28635.73828125,19564.58203125,631.4425048828125,0.8150580203076019,0.14762958775641757,0.037312391726208614,0.7206299826356357,0.20149339997022775,0.07787661724490574,593,1449,121
VG08_BPP22_Tsuboyama_2023_2GP8,VG08,261,0.6574235558509827,0.3352881073951721,0.007288394495844841,22606.861328125,11529.572265625,250.62644958496094,0.8633925791922716,0.11673576372601108,0.019871656800245188,0.6997939532665827,0.24812851249990145,0.05207753405273894,584,840,87
VILI_CHICK_Tsuboyama_2023_1YU5,VILI,418,0.6067306995391846,0.37684062123298645,0.016428662464022636,32560.498046875,20223.3359375,881.6522216796875,0.8190861959433172,0.1348695957146011,0.04604420815668321,0.7489447452185357,0.17996453686652542,0.0710907177697986,631,1631,180
VKOR1_HUMAN_Chiasson_2020_abundance,VKOR1,869,0.5549975633621216,0.42252078652381897,0.022481612861156464,64821.69140625,49348.88671875,2625.770263671875,0.7776513996927242,0.15695120366564394,0.0653973965532156,0.7570388316818529,0.16940686257208928,0.07355430566734271,674,2293,281
VKOR1_HUMAN_Chiasson_2020_activity,VKOR1,254,0.5434432029724121,0.43373343348503113,0.022823385894298553,19129.884765625,15267.9619140625,803.411865234375,0.7699546157128947,0.16291329694212,0.06713208704835172,0.7128544809579193,0.18805948656650975,0.099086032284407,513,1552,155
VRPI_BPT7_Tsuboyama_2023_2WNM,VRPI,349,0.699028730392456,0.29341474175453186,0.007556562311947346,33347.43359375,13997.4619140625,360.48870849609375,0.8820516796251566,0.09815300524089529,0.019795314939008952,0.7711655267158447,0.18577472316929813,0.0430597499703249,625,1089,121
YAIA_ECOLI_Tsuboyama_2023_2KVT,YAIA,309,0.7144588828086853,0.27656298875808716,0.008978085592389107,29741.591796875,11512.8017578125,373.740966796875,0.8859671163187979,0.09091951547599701,0.02311336798566146,0.7359181496418823,0.20686140640829914,0.05722044380284091,594,818,96
YAP1_HUMAN_Araya_2012,YAP1,167,0.5413739085197449,0.43311575055122375,0.025510355830192566,11960.2880859375,9568.59765625,563.5868530273438,0.7634045926941947,0.1619138924034416,0.07468151443194938,0.6251016058487896,0.2537743903013128,0.12112400360059454,477,940,116
YNZC_BACSU_Tsuboyama_2023_2JVD,YNZC,228,0.6146666407585144,0.37536513805389404,0.009968205355107784,17971.263671875,10974.70703125,291.444580078125,0.8364251301035067,0.1354141612220522,0.028160708331423773,0.6879436167887146,0.24037229443402003,0.07168408856327897,559,977,87
